<?xml version="1.0" encoding="UTF-8" ?>
<!-- Generated by Oracle SOA Modeler version 1.0 at [6/14/12 5:32 PM]. -->
<composite name="Bobo"
           revision="2.1"
           label="2012-06-14_17-32-13_389"
           mode="active"
           state="on"
           xmlns="http://xmlns.oracle.com/sca/1.0"
           xmlns:xs="http://www.w3.org/2001/XMLSchema"
           xmlns:wsp="http://schemas.xmlsoap.org/ws/2004/09/policy"
           xmlns:orawsp="http://schemas.oracle.com/ws/2006/01/policy"
           xmlns:ui="http://xmlns.oracle.com/soa/designer/">
  <import namespace="http://xmlns.oracle.com/bpmn/bpmnProcess/Process"
          location="Process.wsdl" importType="wsdl"/>
  <import namespace="http://xmlns.oracle.com/ias/pcbpel/NotificationService"
          location="oramds:/soa/shared/workflow/NotificationService.wsdl"
          importType="wsdl"/>
  <import namespace="http://xmlns.oracle.com/bpmn/bpmnProcess/default"
          location="project_properties.wsdl" importType="wsdl"/>
  <import namespace="http://xmlns.oracle.com/bob_soa/Bobo/BPELGestionEstadoCU"
          location="BPELGestionEstadoCU.wsdl" importType="wsdl"/>
  <import namespace="http://xmlns.oracle.com/BRGestionaEstadoProducto/BRGestionaEstadoProducto_DecisionService_1"
          location="BRGestionaEstadoProducto_DecisionService_1.wsdl"
          importType="wsdl"/>
  <import namespace="http://xmlns.oracle.com/bob.soa/Bobo/bob.reporta.estado.cu"
          location="bob.reporta.estado.cu.wsdl" importType="wsdl"/>
  <import namespace="http://xmlns.oracle.com/bpmn/bpmnProcess/LucasianProDevGeneral"
          location="LucasianProDevGeneral.wsdl" importType="wsdl"/>
  <import namespace="http://xmlns.oracle.com/bpel/workflow/taskService"
          location="oramds:/soa/shared/workflow/TaskServiceInterface.wsdl"
          importType="wsdl"/>
  <import namespace="http://ifaces.cu.ws.soa.lucasian.com/"
          location="BOBServiciosUtilServiceWrapper.wsdl" importType="wsdl"/>
  <service name="bpelgestionestadocu_client_ep"
           ui:wsdlLocation="BPELGestionEstadoCU.wsdl">
    <interface.wsdl interface="http://xmlns.oracle.com/bob_soa/Bobo/BPELGestionEstadoCU#wsdl.interface(BPELGestionEstadoCU)"
                    callbackInterface="http://xmlns.oracle.com/bob_soa/Bobo/BPELGestionEstadoCU#wsdl.interface(BPELGestionEstadoCUCallback)"/>
    <binding.ws port="http://xmlns.oracle.com/bob_soa/Bobo/BPELGestionEstadoCU#wsdl.endpoint(bpelgestionestadocu_client_ep/BPELGestionEstadoCU_pt)">
    </binding.ws>
    <callback>
      <binding.ws port="http://xmlns.oracle.com/bob_soa/Bobo/BPELGestionEstadoCU#wsdl.endpoint(bpelgestionestadocu_client_ep/BPELGestionEstadoCUCallback_pt)">
      </binding.ws>
    </callback>
  </service>
  <service name="Process.service" ui:wsdlLocation="Process.wsdl">
    <interface.wsdl interface="http://xmlns.oracle.com/bpmn/bpmnProcess/Process#wsdl.interface(ProcessPortType)"
                    callbackInterface="http://xmlns.oracle.com/bpmn/bpmnProcess/Process#wsdl.interface(ProcessPortTypeCallBack)"/>
    <binding.ws port="http://xmlns.oracle.com/bpmn/bpmnProcess/Process#wsdl.endpoint(Process.service/ProcessPort)"/>
    <callback>
      <binding.ws port="http://xmlns.oracle.com/bpmn/bpmnProcess/Process#wsdl.endpoint(Process.service/ProcessPortTypeCallBack_pt)"/>
    </callback>
  </service>
  <service name="bob.reporta.estado.cu_ep"
           ui:wsdlLocation="bob.reporta.estado.cu.wsdl">
    <interface.wsdl interface="http://xmlns.oracle.com/bob.soa/Bobo/bob.reporta.estado.cu#wsdl.interface(execute_ptt)"/>
    <binding.ws port="http://xmlns.oracle.com/bob.soa/Bobo/bob.reporta.estado.cu#wsdl.endpoint(bob.reporta.estado.cu_ep/execute_pt)">
    </binding.ws>   
  </service>
  <service name="LucasianProDevGeneral.service"
           ui:wsdlLocation="LucasianProDevGeneral.wsdl">
    <interface.wsdl interface="http://xmlns.oracle.com/bpmn/bpmnProcess/LucasianProDevGeneral#wsdl.interface(LucasianProDevGeneralPortType)"
                    callbackInterface="http://xmlns.oracle.com/bpmn/bpmnProcess/LucasianProDevGeneral#wsdl.interface(LucasianProDevGeneralPortTypeCallBack)"/>
    <binding.ws port="http://xmlns.oracle.com/bpmn/bpmnProcess/LucasianProDevGeneral#wsdl.endpoint(LucasianProDevGeneral.service/LucasianProDevGeneralPort)"/>
    <callback>
      <binding.ws port="http://xmlns.oracle.com/bpmn/bpmnProcess/LucasianProDevGeneral#wsdl.endpoint(LucasianProDevGeneral.service/LucasianProDevGeneralPortTypeCallBack_pt)"/>
    </callback>
  </service>
  <component name="Process">
    <implementation.bpmn src="processes/Process.bpmn"/>
  </component>
  <component name="BPELGestionEstadoCU" version="1.1">
    <implementation.bpel src="BPELGestionEstadoCU.bpel"/>
    <property name="bpel.config.oneWayDeliveryPolicy" type="xs:string"
              many="false">async.persist</property>
    <property name="configuration.monitorLocation" type="xs:string"
              many="false">BPELGestionEstadoCU.monitor</property>
    <property name="configuration.sensorLocation" type="xs:string" many="false">BPELGestionEstadoCU_sensor.xml</property>
    <property name="configuration.sensorActionLocation" type="xs:string"
              many="false">BPELGestionEstadoCU_sensorAction.xml</property>
  </component>
  <component name="BRGestionaEstadoProducto">
    <implementation.decision src="BRGestionaEstadoProducto.decs"/>
  </component>
  <component name="bob.reporta.estado.cu">
    <implementation.mediator src="bob.reporta.estado.cu.mplan"/>
  </component>
  <component name="LucasianProDevGeneral">
    <implementation.bpmn src="processes/LucasianProDevGeneral.bpmn"/>
  </component>
  <component name="HTLucasianProDevIterarDeNuevoEnFase">
    <implementation.workflow src="HTLucasianProDevIterarDeNuevoEnFase.task"/>
  </component>
  <reference name="BPM-NotificationService"
             ui:wsdlLocation="oramds:/soa/shared/workflow/NotificationService.wsdl">
    <interface.wsdl interface="http://xmlns.oracle.com/ias/pcbpel/NotificationService#wsdl.interface(NotificationService)"/>
    <binding.wsif port="http://xmlns.oracle.com/ias/pcbpel/NotificationService#wsdl.endpoint(NotificationService/JavaPort)"
                  location="oramds:/soa/shared/workflow/NotificationService.wsdl"/>
  </reference>
  <reference name="PLBOBServiciosUtil"
             ui:wsdlLocation="BOBServiciosUtilServiceWrapper.wsdl">
    <interface.wsdl interface="http://ifaces.cu.ws.soa.lucasian.com/#wsdl.interface(IBOBServiciosUtil)"/>
    <binding.ws port="http://action.cu.ws.soa.lucasian.com/#wsdl.endpoint(BOBServiciosUtilService/BOBServiciosUtilPort)"
                location="BOBServiciosUtilServiceWrapper.wsdl"
                soapVersion="1.1"/>
  </reference>
  <wire>
    <source.uri>Process/NotificationService.ABSTRACT_ACTIVITY3812237930523</source.uri>
    <target.uri>BPM-NotificationService</target.uri>
  </wire>
  <wire>
    <source.uri>bpelgestionestadocu_client_ep</source.uri>
    <target.uri>BPELGestionEstadoCU/bpelgestionestadocu_client</target.uri>
  </wire>
  <wire>
    <source.uri>Process/Services.BPEL.BPELGestionEstadoCU.Bpelgestionestadocu_client.reference</source.uri>
    <target.uri>BPELGestionEstadoCU/bpelgestionestadocu_client</target.uri>
  </wire>
  <wire>
    <source.uri>BPELGestionEstadoCU/BRGestionaEstadoProducto.BRGestionaEstadoProducto_DecisionService_1</source.uri>
    <target.uri>BRGestionaEstadoProducto/BRGestionaEstadoProducto_DecisionService_1</target.uri>
  </wire>
  <wire>
    <source.uri>Process.service</source.uri>
    <target.uri>Process/Process.service</target.uri>
  </wire>
  <wire>
    <source.uri>bob.reporta.estado.cu_ep</source.uri>
    <target.uri>bob.reporta.estado.cu/bob.reporta.estado.cu</target.uri>
  </wire>
  <wire>
    <source.uri>bob.reporta.estado.cu/BPELGestionEstadoCU.bpelgestionestadocu_client</source.uri>
    <target.uri>BPELGestionEstadoCU/bpelgestionestadocu_client</target.uri>
  </wire>
  <wire>
    <source.uri>LucasianProDevGeneral/HumanTasks.HTLucasianProDevIterarDeNuevoEnFase.reference</source.uri>
    <target.uri>HTLucasianProDevIterarDeNuevoEnFase/TaskService</target.uri>
  </wire>
  <wire>
    <source.uri>BPELGestionEstadoCU/PLBOBServiciosUtil</source.uri>
    <target.uri>PLBOBServiciosUtil</target.uri>
  </wire>
  <wire>
    <source.uri>LucasianProDevGeneral.service</source.uri>
    <target.uri>LucasianProDevGeneral/LucasianProDevGeneral.service</target.uri>
  </wire>
</composite>
