<?xml version="1.0" encoding="UTF-8" standalone="yes"?>
<?oracleBPM version="11.1.1.6.0.15.53" fileRevision="20110706"?>
<processDocumentation xmlns="http://xmlns.oracle.com/bpm/taskMetadataService/processDocumentation">
    <component name="LucasianProDevConcepcion">
        <topicDocumentations>
            <topicDocumentation name="LucasianProDevConcepcion">
                <descriptions>
                    <description locale="en">LucasianProDevConcepcion</description>
                </descriptions>
            </topicDocumentation>
            <topicDocumentation name="START_EVENT6083302605175">
                <labels>
                    <label locale="en">Start</label>
                </labels>
                <descriptions>
                    <description locale="en"></description>
                </descriptions>
            </topicDocumentation>
            <topicDocumentation name="END_EVENT6083302605264">
                <labels>
                    <label locale="en">End</label>
                </labels>
                <descriptions>
                    <description locale="en"></description>
                </descriptions>
            </topicDocumentation>
            <topicDocumentation name="sf117"/>
        </topicDocumentations>
    </component>
</processDocumentation>