<?xml version="1.0" encoding="UTF-8" standalone="yes"?>
<?oracleBPM version="11.1.1.6.0.15.53" fileRevision="20110706"?>
<processDocumentation xmlns="http://xmlns.oracle.com/bpm/taskMetadataService/processDocumentation">
    <component name="LucasianProDevGeneral">
        <topicDocumentations>
            <topicDocumentation name="LucasianProDevGeneral">
                <descriptions>
                    <description locale="en">LucasianProDevGeneral</description>
                </descriptions>
            </topicDocumentation>
            <topicDocumentation name="ABSTRACT_ACTIVITY6081800520420">
                <labels>
                    <label locale="en">Concepcion</label>
                </labels>
                <descriptions>
                    <description locale="en"></description>
                </descriptions>
            </topicDocumentation>
            <topicDocumentation name="ABSTRACT_ACTIVITY6081827910653">
                <labels>
                    <label locale="en">Elaboracion</label>
                </labels>
                <descriptions>
                    <description locale="en"></description>
                </descriptions>
            </topicDocumentation>
            <topicDocumentation name="ABSTRACT_ACTIVITY6081829667965">
                <labels>
                    <label locale="en">Construccion</label>
                </labels>
                <descriptions>
                    <description locale="en"></description>
                </descriptions>
            </topicDocumentation>
            <topicDocumentation name="ABSTRACT_ACTIVITY6081830830021">
                <labels>
                    <label locale="en">Transicion</label>
                </labels>
                <descriptions>
                    <description locale="en"></description>
                </descriptions>
            </topicDocumentation>
            <topicDocumentation name="ABSTRACT_ACTIVITY6083732563860">
                <labels>
                    <label locale="en">IterarDeNuevoEnFase</label>
                </labels>
                <descriptions>
                    <description locale="en">El usuario decide si es necesario otra iteracion</description>
                </descriptions>
            </topicDocumentation>
            <topicDocumentation name="START_EVENT6081786462975">
                <labels>
                    <label locale="en">Start</label>
                </labels>
                <descriptions>
                    <description locale="en"></description>
                </descriptions>
            </topicDocumentation>
            <topicDocumentation name="END_EVENT6081786463069">
                <labels>
                    <label locale="en">End</label>
                </labels>
            </topicDocumentation>
            <topicDocumentation name="EXCLUSIVE_GATEWAY6084170054453">
                <labels>
                    <label locale="en">NuevaFase</label>
                </labels>
                <descriptions>
                    <description locale="en"></description>
                </descriptions>
            </topicDocumentation>
            <topicDocumentation name="sf79"/>
            <topicDocumentation name="sf112"/>
            <topicDocumentation name="sf100"/>
            <topicDocumentation name="sf128"/>
            <topicDocumentation name="sf92">
                <descriptions>
                    <description locale="en"></description>
                </descriptions>
            </topicDocumentation>
            <topicDocumentation name="sf94">
                <descriptions>
                    <description locale="en"></description>
                </descriptions>
            </topicDocumentation>
            <topicDocumentation name="sf96">
                <descriptions>
                    <description locale="en"></description>
                </descriptions>
            </topicDocumentation>
            <topicDocumentation name="sf99">
                <descriptions>
                    <description locale="en"></description>
                </descriptions>
            </topicDocumentation>
            <topicDocumentation name="sf103">
                <descriptions>
                    <description locale="en"></description>
                </descriptions>
            </topicDocumentation>
            <topicDocumentation name="sf105"/>
            <topicDocumentation name="sf107"/>
        </topicDocumentations>
    </component>
</processDocumentation>