<?xml version="1.0" encoding="UTF-8" standalone="yes"?>
<?oracleBPM version="11.1.1.6.0.15.53" fileRevision="20110706"?>
<processDocumentation xmlns="http://xmlns.oracle.com/bpm/taskMetadataService/processDocumentation">
    <component name="LucasianProDevConstruccion">
        <topicDocumentations>
            <topicDocumentation name="LucasianProDevConstruccion">
                <descriptions>
                    <description locale="en">LucasianProDevConstruccion</description>
                </descriptions>
            </topicDocumentation>
            <topicDocumentation name="START_EVENT6083593581229">
                <labels>
                    <label locale="en">Start</label>
                </labels>
                <descriptions>
                    <description locale="en"></description>
                </descriptions>
            </topicDocumentation>
            <topicDocumentation name="END_EVENT6083593581385">
                <labels>
                    <label locale="en">End</label>
                </labels>
                <descriptions>
                    <description locale="en"></description>
                </descriptions>
            </topicDocumentation>
            <topicDocumentation name="sf78"/>
        </topicDocumentations>
    </component>
</processDocumentation>