<?xml version="1.0" encoding="UTF-8" standalone="yes"?>
<?oracleBPM version="11.1.1.6.0.15.53" fileRevision="20110706"?>
<processDocumentation xmlns="http://xmlns.oracle.com/bpm/taskMetadataService/processDocumentation">
    <component name="LucasianProDevTransicion">
        <topicDocumentations>
            <topicDocumentation name="LucasianProDevTransicion">
                <descriptions>
                    <description locale="en">LucasianProDevTransicion</description>
                </descriptions>
            </topicDocumentation>
            <topicDocumentation name="START_EVENT6083598181127">
                <labels>
                    <label locale="en">Start</label>
                </labels>
                <descriptions>
                    <description locale="en"></description>
                </descriptions>
            </topicDocumentation>
            <topicDocumentation name="END_EVENT608359818116">
                <labels>
                    <label locale="en">End</label>
                </labels>
            </topicDocumentation>
            <topicDocumentation name="sf82"/>
        </topicDocumentations>
    </component>
</processDocumentation>