<?xml version="1.0" encoding="UTF-8" standalone="yes"?>
<?oracleBPM version="11.1.1.6.0.15.53" fileRevision="20110706"?>
<processDocumentation xmlns="http://xmlns.oracle.com/bpm/taskMetadataService/processDocumentation">
    <component name="PRGestionCambioEstadoCU">
        <topicDocumentations>
            <topicDocumentation name="PRGestionCambioEstadoCU">
                <labels>
                    <label locale="en">PR_GestionCambioEstadoCU</label>
                </labels>
                <descriptions>
                    <description locale="en">PR_GestionCambioEstadoCU</description>
                </descriptions>
            </topicDocumentation>
            <topicDocumentation name="START_EVENT4060423021749">
                <labels>
                    <label locale="en">Start</label>
                </labels>
                <descriptions>
                    <description locale="en"></description>
                </descriptions>
            </topicDocumentation>
            <topicDocumentation name="END_EVENT4060423021921">
                <labels>
                    <label locale="en">End</label>
                </labels>
                <descriptions>
                    <description locale="en"></description>
                </descriptions>
            </topicDocumentation>
            <topicDocumentation name="ABSTRACT_ACTIVITY408814144258">
                <labels>
                    <label locale="en">SendTask</label>
                </labels>
                <descriptions>
                    <description locale="en"></description>
                </descriptions>
            </topicDocumentation>
            <topicDocumentation name="ABSTRACT_ACTIVITY4088200791555">
                <labels>
                    <label locale="en">ReceiveTask</label>
                </labels>
                <descriptions>
                    <description locale="en"></description>
                </descriptions>
            </topicDocumentation>
            <topicDocumentation name="sf87"/>
            <topicDocumentation name="sf41"/>
            <topicDocumentation name="sf42"/>
        </topicDocumentations>
    </component>
</processDocumentation>