<?xml version="1.0" encoding="UTF-8" standalone="yes"?>
<jbi xmlns="http://java.sun.com/xml/ns/jbi" xmlns:ns1="http://enterprise.netbeans.org/bpel/MeffServicesBPEL/RequesTradeProcess" xmlns:ns2="http://facade.data.otc.crcc.com/" xmlns:ns3="http://j2ee.netbeans.org/wsdl/MeffServicesBPEL/RequestTradeWSDL" version="1.0">
<service-assembly>
<identification>
<name>MeffServicesCAPS</name>
<description>Represents the Service Assembly of MeffServicesCAPS</description>
</identification>
<connections>
<connection>
<consumer endpoint-name="MeffServiceRole_partnerRole" service-name="ns1:meffFacade"/>
<provider endpoint-name="MeffServicePort" service-name="ns2:MeffServiceService"/>
</connection>
<connection>
<consumer endpoint-name="RequestTradeWSDLPort" service-name="ns3:RequestTradeWSDLService"/>
<provider endpoint-name="RequestTradeWSDLPortTypeRole_myRole" service-name="ns1:requestTrade"/>
</connection>
</connections>
</service-assembly>
</jbi>
