<?xml version="1.0" encoding="UTF-8" ?>
<pageDefinition xmlns="http://xmlns.oracle.com/adfm/uimodel"
                version="11.1.1.61.92" id="taskDetails1PageDef"
                Package="htlucasianprodevtarea.pageDefs">
  <parameters/>
  <executables>
    <variableIterator id="variables"/>
    <methodIterator Binds="getTaskDetails.result"
                    DataControl="HTLucasianProDevTarea_HTLucasianProDevTarea"
                    RangeSize="25"
                    BeanClass="HTLucasianProDevTarea_HTLucasianProDevTarea.getTaskDetails"
                    id="getTaskDetailsIterator"/>
    <accessorIterator MasterBinding="getTaskDetailsIterator" Binds="task"
                      RangeSize="25"
                      DataControl="HTLucasianProDevTarea_HTLucasianProDevTarea"
                      BeanClass="HTLucasianProDevTarea_HTLucasianProDevTarea.task"
                      id="taskIterator" StateValidation="false"/>
    <accessorIterator MasterBinding="taskIterator" Binds="systemAttributes"
                      RangeSize="25"
                      DataControl="HTLucasianProDevTarea_HTLucasianProDevTarea"
                      BeanClass="HTLucasianProDevTarea_HTLucasianProDevTarea.systemAttributesType"
                      id="systemAttributesIterator"/>
    <accessorIterator MasterBinding="systemAttributesIterator"
                      Binds="systemActions" RangeSize="50"
                      DataControl="HTLucasianProDevTarea_HTLucasianProDevTarea"
                      BeanClass="HTLucasianProDevTarea_HTLucasianProDevTarea.actionType"
                      id="systemActionsIterator" StateValidation="false"/>
    <accessorIterator MasterBinding="systemAttributesIterator"
                      Binds="customActions" RangeSize="25"
                      DataControl="HTLucasianProDevTarea_HTLucasianProDevTarea"
                      BeanClass="HTLucasianProDevTarea_HTLucasianProDevTarea.actionType"
                      id="customActionsIterator"/>
    <accessorIterator MasterBinding="systemAttributesIterator" Binds="fromUser"
                      RangeSize="25"
                      DataControl="HTLucasianProDevTarea_HTLucasianProDevTarea"
                      BeanClass="HTLucasianProDevTarea_HTLucasianProDevTarea.identityType"
                      id="fromUserIterator"/>
    <accessorIterator MasterBinding="systemAttributesIterator" Binds="assignees"
                      RangeSize="25"
                      DataControl="HTLucasianProDevTarea_HTLucasianProDevTarea"
                      BeanClass="HTLucasianProDevTarea_HTLucasianProDevTarea.identityType"
                      id="assigneesIterator" StateValidation="false"/>
    <accessorIterator MasterBinding="taskIterator" Binds="payload"
                      RangeSize="25"
                      DataControl="HTLucasianProDevTarea_HTLucasianProDevTarea"
                      BeanClass="HTLucasianProDevTarea_HTLucasianProDevTarea.HTLucasianProDevTareaPayloadType"
                      id="payloadIterator"/>
    <accessorIterator MasterBinding="payloadIterator" Binds="Tarea"
                      RangeSize="25"
                      DataControl="HTLucasianProDevTarea_HTLucasianProDevTarea"
                      BeanClass="HTLucasianProDevTarea_HTLucasianProDevTarea.detalleTarea"
                      id="TareaIterator"/>
    <accessorIterator MasterBinding="taskIterator" Binds="userComment"
                      RangeSize="25"
                      DataControl="HTLucasianProDevTarea_HTLucasianProDevTarea"
                      BeanClass="HTLucasianProDevTarea_HTLucasianProDevTarea.commentType"
                      id="userCommentIterator" StateValidation="false"/>
    <accessorIterator MasterBinding="userCommentIterator" Binds="updatedBy"
                      RangeSize="25"
                      DataControl="HTLucasianProDevTarea_HTLucasianProDevTarea"
                      BeanClass="HTLucasianProDevTarea_HTLucasianProDevTarea.identityType"
                      id="updatedByIterator" StateValidation="false"/>
    <accessorIterator MasterBinding="taskIterator" Binds="attachment"
                      RangeSize="25"
                      DataControl="HTLucasianProDevTarea_HTLucasianProDevTarea"
                      BeanClass="HTLucasianProDevTarea_HTLucasianProDevTarea.attachmentType"
                      id="attachmentIterator" StateValidation="false"/>
    <accessorIterator MasterBinding="attachmentIterator" Binds="ucmMetadataItem"
                      RangeSize="25"
                      DataControl="HTLucasianProDevTarea_HTLucasianProDevTarea"
                      BeanClass="HTLucasianProDevTarea_HTLucasianProDevTarea.ucmMetadataItemType"
                      id="ucmMetadataItemIterator" StateValidation="false"/>
  </executables>
  <bindings>
    <methodAction id="getTaskDetails" RequiresUpdateModel="true"
                  Action="invokeMethod" MethodName="getTaskDetails"
                  IsViewObjectMethod="false"
                  DataControl="HTLucasianProDevTarea_HTLucasianProDevTarea"
                  InstanceName="HTLucasianProDevTarea_HTLucasianProDevTarea"
                  ReturnName="data.HTLucasianProDevTarea_HTLucasianProDevTarea.methodResults.getTaskDetails_HTLucasianProDevTarea_HTLucasianProDevTarea_getTaskDetails_result">
      <NamedData NDName="bpmWorklistContext" NDType="java.lang.String"
                 NDValue=""/>
      <NamedData NDName="bpmWorklistTaskId" NDType="java.lang.String"
                 NDValue=""/>
      <NamedData NDName="bpmWorklistTaskVersion" NDType="java.lang.String"
                 NDValue=""/>
    </methodAction>
    <methodAction IterBinding="taskIterator" id="UpdateAction"
                  RequiresUpdateModel="true" Action="invokeMethod"
                  MethodName="UpdateAction" IsViewObjectMethod="false"
                  DataControl="HTLucasianProDevTarea_HTLucasianProDevTarea"
                  InstanceName="bindings.taskIterator.currentRow.dataProvider"
                  IsLocalObjectReference="true">
      <NamedData NDName="action" NDType="java.lang.String" NDValue=""/>
    </methodAction>
    <attributeValues IterBinding="taskIterator" id="title">
      <AttrNames>
        <Item Value="title"/>
      </AttrNames>
    </attributeValues>
    <methodAction IterBinding="taskIterator" id="update"
                  RequiresUpdateModel="true" Action="invokeMethod"
                  MethodName="update" IsViewObjectMethod="false"
                  DataControl="HTLucasianProDevTarea_HTLucasianProDevTarea"
                  InstanceName="bindings.taskIterator.currentRow.dataProvider"
                  IsLocalObjectReference="true"/>
    <navigationlist IterBinding="systemActionsIterator"
                    ListOperMode="navigation" ListIter="systemActionsIterator"
                    id="systemActions">
      <AttrNames>
        <Item Value="action"/>
        <Item Value="displayName"/>
      </AttrNames>
    </navigationlist>
    <attributeValues IterBinding="systemAttributesIterator"
                     id="digitalSignatureRequired">
      <AttrNames>
        <Item Value="digitalSignatureRequired"/>
      </AttrNames>
    </attributeValues>
    <attributeValues IterBinding="systemAttributesIterator"
                     id="passwordRequiredOnUpdate">
      <AttrNames>
        <Item Value="passwordRequiredOnUpdate"/>
      </AttrNames>
    </attributeValues>
    <navigationlist IterBinding="customActionsIterator"
                    ListOperMode="navigation" ListIter="customActionsIterator"
                    id="customActions">
      <AttrNames>
        <Item Value="action"/>
        <Item Value="displayName"/>
      </AttrNames>
    </navigationlist>
    <methodAction IterBinding="taskIterator" id="Claim"
                  RequiresUpdateModel="true" Action="invokeMethod"
                  MethodName="Claim" IsViewObjectMethod="false"
                  DataControl="HTLucasianProDevTarea_HTLucasianProDevTarea"
                  InstanceName="bindings.taskIterator.currentRow.dataProvider"
                  IsLocalObjectReference="true"/>
    <methodAction IterBinding="taskIterator" id="Acknowledge"
                  RequiresUpdateModel="true" Action="invokeMethod"
                  MethodName="Acknowledge" IsViewObjectMethod="false"
                  DataControl="HTLucasianProDevTarea_HTLucasianProDevTarea"
                  InstanceName="bindings.taskIterator.currentRow.dataProvider"
                  IsLocalObjectReference="true"/>
    <methodAction IterBinding="taskIterator" id="Resume"
                  RequiresUpdateModel="true" Action="invokeMethod"
                  MethodName="Resume" IsViewObjectMethod="false"
                  DataControl="HTLucasianProDevTarea_HTLucasianProDevTarea"
                  InstanceName="bindings.taskIterator.currentRow.dataProvider"
                  IsLocalObjectReference="true"/>
    <methodAction IterBinding="taskIterator" id="Withdraw"
                  RequiresUpdateModel="true" Action="invokeMethod"
                  MethodName="Withdraw" IsViewObjectMethod="false"
                  DataControl="HTLucasianProDevTarea_HTLucasianProDevTarea"
                  InstanceName="bindings.taskIterator.currentRow.dataProvider"
                  IsLocalObjectReference="true"/>
    <methodAction IterBinding="taskIterator" id="APPROVE"
                  RequiresUpdateModel="true" Action="invokeMethod"
                  MethodName="APPROVE" IsViewObjectMethod="false"
                  DataControl="HTLucasianProDevTarea_HTLucasianProDevTarea"
                  InstanceName="bindings.taskIterator.currentRow.dataProvider"
                  IsLocalObjectReference="true"/>
    <methodAction IterBinding="taskIterator" id="REJECT"
                  RequiresUpdateModel="true" Action="invokeMethod"
                  MethodName="REJECT" IsViewObjectMethod="false"
                  DataControl="HTLucasianProDevTarea_HTLucasianProDevTarea"
                  InstanceName="bindings.taskIterator.currentRow.dataProvider"
                  IsLocalObjectReference="true"/>
    <attributeValues IterBinding="taskIterator" id="creator">
      <AttrNames>
        <Item Value="creator"/>
      </AttrNames>
    </attributeValues>
    <attributeValues IterBinding="taskIterator" id="ownerUser">
      <AttrNames>
        <Item Value="ownerUser"/>
      </AttrNames>
    </attributeValues>
    <attributeValues IterBinding="taskIterator" id="priority">
      <AttrNames>
        <Item Value="priority"/>
      </AttrNames>
    </attributeValues>
    <attributeValues IterBinding="taskIterator" id="dueDate">
      <AttrNames>
        <Item Value="dueDate"/>
      </AttrNames>
    </attributeValues>
    <attributeValues IterBinding="taskIterator" id="creatorDisplayName">
      <AttrNames>
        <Item Value="creatorDisplayName"/>
      </AttrNames>
    </attributeValues>
    <attributeValues IterBinding="taskIterator" id="ownerUserDisplayName">
      <AttrNames>
        <Item Value="ownerUserDisplayName"/>
      </AttrNames>
    </attributeValues>
    <attributeValues IterBinding="systemAttributesIterator" id="acquiredBy">
      <AttrNames>
        <Item Value="acquiredBy"/>
      </AttrNames>
    </attributeValues>
    <attributeValues IterBinding="systemAttributesIterator" id="assignedDate">
      <AttrNames>
        <Item Value="assignedDate"/>
      </AttrNames>
    </attributeValues>
    <attributeValues IterBinding="systemAttributesIterator" id="createdDate">
      <AttrNames>
        <Item Value="createdDate"/>
      </AttrNames>
    </attributeValues>
    <attributeValues IterBinding="systemAttributesIterator" id="expirationDate">
      <AttrNames>
        <Item Value="expirationDate"/>
      </AttrNames>
    </attributeValues>
    <attributeValues IterBinding="systemAttributesIterator" id="outcome">
      <AttrNames>
        <Item Value="outcome"/>
      </AttrNames>
    </attributeValues>
    <attributeValues IterBinding="systemAttributesIterator" id="state">
      <AttrNames>
        <Item Value="state"/>
      </AttrNames>
    </attributeValues>
    <attributeValues IterBinding="systemAttributesIterator" id="taskNumber">
      <AttrNames>
        <Item Value="taskNumber"/>
      </AttrNames>
    </attributeValues>
    <attributeValues IterBinding="systemAttributesIterator" id="updatedDate">
      <AttrNames>
        <Item Value="updatedDate"/>
      </AttrNames>
    </attributeValues>
    <attributeValues IterBinding="systemAttributesIterator"
                     id="taskViewContext">
      <AttrNames>
        <Item Value="taskViewContext"/>
      </AttrNames>
    </attributeValues>
    <attributeValues IterBinding="systemAttributesIterator"
                     id="actionDisplayName">
      <AttrNames>
        <Item Value="actionDisplayName"/>
      </AttrNames>
    </attributeValues>
    <attributeValues IterBinding="systemAttributesIterator" id="componentType">
      <AttrNames>
        <Item Value="componentType"/>
      </AttrNames>
    </attributeValues>
    <attributeValues IterBinding="systemAttributesIterator" id="activityId">
      <AttrNames>
        <Item Value="activityId"/>
      </AttrNames>
    </attributeValues>
    <attributeValues IterBinding="fromUserIterator" id="id">
      <AttrNames>
        <Item Value="id"/>
      </AttrNames>
    </attributeValues>
    <attributeValues IterBinding="fromUserIterator" id="displayName">
      <AttrNames>
        <Item Value="displayName"/>
      </AttrNames>
    </attributeValues>
    <tree IterBinding="assigneesIterator" id="assignees">
      <nodeDefinition DefName="HTLucasianProDevTarea_HTLucasianProDevTarea.identityType"
                      Name="assignees0">
        <AttrNames>
          <Item Value="id"/>
          <Item Value="displayName"/>
          <Item Value="type"/>
          <Item Value="systemVersionFlag"/>
        </AttrNames>
      </nodeDefinition>
    </tree>
    <attributeValues IterBinding="TareaIterator" id="tareaId">
      <AttrNames>
        <Item Value="tareaId"/>
      </AttrNames>
    </attributeValues>
    <attributeValues IterBinding="TareaIterator" id="bobTareaId">
      <AttrNames>
        <Item Value="bobTareaId"/>
      </AttrNames>
    </attributeValues>
    <attributeValues IterBinding="TareaIterator" id="nombre">
      <AttrNames>
        <Item Value="nombre"/>
      </AttrNames>
    </attributeValues>
    <attributeValues IterBinding="TareaIterator" id="userId">
      <AttrNames>
        <Item Value="userId"/>
      </AttrNames>
    </attributeValues>
    <attributeValues IterBinding="TareaIterator" id="proyectoId">
      <AttrNames>
        <Item Value="proyectoId"/>
      </AttrNames>
    </attributeValues>
    <attributeValues IterBinding="TareaIterator" id="faseId">
      <AttrNames>
        <Item Value="faseId"/>
      </AttrNames>
    </attributeValues>
    <attributeValues IterBinding="TareaIterator" id="fechaIni">
      <AttrNames>
        <Item Value="fechaIni"/>
      </AttrNames>
    </attributeValues>
    <attributeValues IterBinding="TareaIterator" id="fechaFin">
      <AttrNames>
        <Item Value="fechaFin"/>
      </AttrNames>
    </attributeValues>
    <attributeValues IterBinding="TareaIterator" id="ordenDeServicio">
      <AttrNames>
        <Item Value="ordenDeServicio"/>
      </AttrNames>
    </attributeValues>
    <attributeValues IterBinding="TareaIterator" id="actividad">
      <AttrNames>
        <Item Value="actividad"/>
      </AttrNames>
    </attributeValues>
    <attributeValues IterBinding="TareaIterator" id="tipoActividad">
      <AttrNames>
        <Item Value="tipoActividad"/>
      </AttrNames>
    </attributeValues>
    <tree IterBinding="userCommentIterator" id="userComment">
      <nodeDefinition DefName="HTLucasianProDevTarea_HTLucasianProDevTarea.commentType"
                      Name="userComment0">
        <AttrNames>
          <Item Value="comment"/>
          <Item Value="updatedDate"/>
          <Item Value="displayNameLanguage"/>
          <Item Value="action"/>
          <Item Value="systemVersionFlag"/>
          <Item Value="acl"/>
          <Item Value="doesBelongToParent"/>
          <Item Value="isSystemComment"/>
          <Item Value="taskId"/>
          <Item Value="commentScope"/>
        </AttrNames>
        <Accessors>
          <Item Value="updatedBy"/>
        </Accessors>
      </nodeDefinition>
      <nodeDefinition DefName="HTLucasianProDevTarea_HTLucasianProDevTarea.identityType"
                      Name="userComment1">
        <AttrNames>
          <Item Value="id"/>
          <Item Value="displayName"/>
          <Item Value="type"/>
          <Item Value="systemVersionFlag"/>
        </AttrNames>
      </nodeDefinition>
    </tree>
    <action IterBinding="userCommentIterator" id="CreateInsert"
            RequiresUpdateModel="true" Action="createInsertRow"/>
    <action IterBinding="userCommentIterator" id="Delete"
            RequiresUpdateModel="false" Action="removeCurrentRow"/>
    <attributeValues IterBinding="userCommentIterator" id="comment">
      <AttrNames>
        <Item Value="comment"/>
      </AttrNames>
    </attributeValues>
    <attributeValues IterBinding="userCommentIterator" id="commentScope">
      <AttrNames>
        <Item Value="commentScope"/>
      </AttrNames>
    </attributeValues>
    <tree IterBinding="updatedByIterator" id="updatedBy">
      <nodeDefinition DefName="HTLucasianProDevTarea_HTLucasianProDevTarea.identityType"
                      Name="updatedBy0">
        <AttrNames>
          <Item Value="id"/>
          <Item Value="displayName"/>
          <Item Value="type"/>
          <Item Value="systemVersionFlag"/>
        </AttrNames>
      </nodeDefinition>
    </tree>
    <tree IterBinding="attachmentIterator" id="attachment">
      <nodeDefinition DefName="HTLucasianProDevTarea_HTLucasianProDevTarea.attachmentType"
                      Name="attachment0">
        <AttrNames>
          <Item Value="content"/>
          <Item Value="mimeType"/>
          <Item Value="name"/>
          <Item Value="updatedBy"/>
          <Item Value="URI"/>
          <Item Value="systemVersionFlag"/>
          <Item Value="taskId"/>
          <Item Value="version"/>
          <Item Value="acl"/>
          <Item Value="doesBelongToParent"/>
          <Item Value="updatedDate"/>
          <Item Value="correlationId"/>
          <Item Value="size"/>
          <Item Value="description"/>
          <Item Value="storageType"/>
          <Item Value="ucmDocType"/>
          <Item Value="securityGroup"/>
          <Item Value="account"/>
          <Item Value="revision"/>
          <Item Value="releaseDate"/>
          <Item Value="expirationDate"/>
          <Item Value="title"/>
          <Item Value="attachmentScope"/>
          <Item Value="isContentEncoded"/>
        </AttrNames>
      </nodeDefinition>
      <nodeDefinition DefName="HTLucasianProDevTarea_HTLucasianProDevTarea.ucmMetadataItemType"
                      Name="attachment1">
        <AttrNames>
          <Item Value="name"/>
          <Item Value="value"/>
          <Item Value="type"/>
        </AttrNames>
      </nodeDefinition>
    </tree>
    <action IterBinding="attachmentIterator" id="CreateInsert1"
            RequiresUpdateModel="true" Action="createInsertRow"/>
    <action IterBinding="attachmentIterator" id="Delete1"
            RequiresUpdateModel="false" Action="removeCurrentRow"/>
    <attributeValues IterBinding="attachmentIterator" id="content">
      <AttrNames>
        <Item Value="content"/>
      </AttrNames>
    </attributeValues>
    <attributeValues IterBinding="attachmentIterator" id="mimeType">
      <AttrNames>
        <Item Value="mimeType"/>
      </AttrNames>
    </attributeValues>
    <attributeValues IterBinding="attachmentIterator" id="name">
      <AttrNames>
        <Item Value="name"/>
      </AttrNames>
    </attributeValues>
    <attributeValues IterBinding="attachmentIterator" id="updatedBy1">
      <AttrNames>
        <Item Value="updatedBy"/>
      </AttrNames>
    </attributeValues>
    <attributeValues IterBinding="attachmentIterator" id="URI">
      <AttrNames>
        <Item Value="URI"/>
      </AttrNames>
    </attributeValues>
    <attributeValues IterBinding="attachmentIterator" id="updatedDate1">
      <AttrNames>
        <Item Value="updatedDate"/>
      </AttrNames>
    </attributeValues>
    <attributeValues IterBinding="attachmentIterator" id="ucmDocType">
      <AttrNames>
        <Item Value="ucmDocType"/>
      </AttrNames>
    </attributeValues>
    <attributeValues IterBinding="attachmentIterator" id="securityGroup">
      <AttrNames>
        <Item Value="securityGroup"/>
      </AttrNames>
    </attributeValues>
    <attributeValues IterBinding="attachmentIterator" id="account">
      <AttrNames>
        <Item Value="account"/>
      </AttrNames>
    </attributeValues>
    <attributeValues IterBinding="attachmentIterator" id="revision">
      <AttrNames>
        <Item Value="revision"/>
      </AttrNames>
    </attributeValues>
    <attributeValues IterBinding="attachmentIterator" id="releaseDate">
      <AttrNames>
        <Item Value="releaseDate"/>
      </AttrNames>
    </attributeValues>
    <attributeValues IterBinding="attachmentIterator" id="expirationDate1">
      <AttrNames>
        <Item Value="expirationDate"/>
      </AttrNames>
    </attributeValues>
    <attributeValues IterBinding="attachmentIterator" id="attachmentScope">
      <AttrNames>
        <Item Value="attachmentScope"/>
      </AttrNames>
    </attributeValues>
    <action IterBinding="ucmMetadataItemIterator" id="CreateInsert2"
            RequiresUpdateModel="true" Action="createInsertRow"/>
    <action IterBinding="ucmMetadataItemIterator" id="Delete2"
            RequiresUpdateModel="false" Action="removeCurrentRow"/>
    <tree IterBinding="ucmMetadataItemIterator" id="ucmMetadataItem">
      <nodeDefinition DefName="HTLucasianProDevTarea_HTLucasianProDevTarea.ucmMetadataItemType"
                      Name="ucmMetadataItem0">
        <AttrNames>
          <Item Value="name"/>
          <Item Value="value"/>
          <Item Value="type"/>
        </AttrNames>
      </nodeDefinition>
    </tree>
    <attributeValues IterBinding="systemAttributesIterator"
                     id="numberOfTimesModified">
      <AttrNames>
        <Item Value="numberOfTimesModified"/>
      </AttrNames>
    </attributeValues>
    <attributeValues IterBinding="systemAttributesIterator" id="version">
      <AttrNames>
        <Item Value="version"/>
      </AttrNames>
    </attributeValues>
    <tree IterBinding="userCommentIterator" id="userComment1">
      <nodeDefinition DefName="HTLucasianProDevTarea_HTLucasianProDevTarea.commentType"
                      Name="userComment10">
        <AttrNames>
          <Item Value="comment"/>
          <Item Value="updatedDate"/>
          <Item Value="displayNameLanguage"/>
          <Item Value="action"/>
          <Item Value="systemVersionFlag"/>
          <Item Value="acl"/>
          <Item Value="doesBelongToParent"/>
          <Item Value="isSystemComment"/>
          <Item Value="taskId"/>
          <Item Value="commentScope"/>
        </AttrNames>
        <Accessors>
          <Item Value="updatedBy"/>
        </Accessors>
      </nodeDefinition>
      <nodeDefinition DefName="HTLucasianProDevTarea_HTLucasianProDevTarea.identityType"
                      Name="userComment11">
        <AttrNames>
          <Item Value="id"/>
          <Item Value="displayName"/>
          <Item Value="type"/>
          <Item Value="systemVersionFlag"/>
        </AttrNames>
      </nodeDefinition>
    </tree>
    <tree IterBinding="updatedByIterator" id="updatedBy2">
      <nodeDefinition DefName="HTLucasianProDevTarea_HTLucasianProDevTarea.identityType"
                      Name="updatedBy20">
        <AttrNames>
          <Item Value="id"/>
          <Item Value="displayName"/>
          <Item Value="type"/>
          <Item Value="systemVersionFlag"/>
        </AttrNames>
      </nodeDefinition>
    </tree>
    <tree IterBinding="attachmentIterator" id="attachment1">
      <nodeDefinition DefName="HTLucasianProDevTarea_HTLucasianProDevTarea.attachmentType"
                      Name="attachment10">
        <AttrNames>
          <Item Value="content"/>
          <Item Value="mimeType"/>
          <Item Value="name"/>
          <Item Value="updatedBy"/>
          <Item Value="URI"/>
          <Item Value="systemVersionFlag"/>
          <Item Value="taskId"/>
          <Item Value="version"/>
          <Item Value="acl"/>
          <Item Value="doesBelongToParent"/>
          <Item Value="updatedDate"/>
          <Item Value="correlationId"/>
          <Item Value="size"/>
          <Item Value="description"/>
          <Item Value="storageType"/>
          <Item Value="ucmDocType"/>
          <Item Value="securityGroup"/>
          <Item Value="account"/>
          <Item Value="revision"/>
          <Item Value="releaseDate"/>
          <Item Value="expirationDate"/>
          <Item Value="title"/>
          <Item Value="attachmentScope"/>
          <Item Value="isContentEncoded"/>
        </AttrNames>
      </nodeDefinition>
      <nodeDefinition DefName="HTLucasianProDevTarea_HTLucasianProDevTarea.ucmMetadataItemType"
                      Name="attachment11">
        <AttrNames>
          <Item Value="name"/>
          <Item Value="value"/>
          <Item Value="type"/>
        </AttrNames>
      </nodeDefinition>
    </tree>
    <tree IterBinding="ucmMetadataItemIterator" id="ucmMetadataItem1">
      <nodeDefinition DefName="HTLucasianProDevTarea_HTLucasianProDevTarea.ucmMetadataItemType"
                      Name="ucmMetadataItem10">
        <AttrNames>
          <Item Value="name"/>
          <Item Value="value"/>
          <Item Value="type"/>
        </AttrNames>
      </nodeDefinition>
    </tree>
  </bindings>
</pageDefinition>
