<?xml version = '1.0' encoding = 'UTF-8'?>
<graphics>
   <diagram optimizeLayout="false" popupEditor="true" fixedWidthSwimlanes="true" roundedPartnerlinks="true" centerZoom="true" validateOnLoad="true" confirmBeforeDelete="true" selectedPartnerLinkColor="0,0,153" swimlaneBackground="240,240,240" swimlaneDividerBackground="218,218,218" graphBackground="255,255,255" selectedBorderBackground="49,105,198" connectedPartnerLinkColor="204,204,255" connectablePartnerLinkColor="0,0,255" unconnectedPartnerLinkColor="192,192,192"/>
   <annotationfile/>
   <iconize/>
   <partnerlink_locations>
      <partnerlink name="bpelgestionestadocu_client" x="2" y="682" side="left"/>
      <partnerlink name="BRGestionaEstadoProducto.BRGestionaEstadoProducto_DecisionService_1" x="1111" y="18" side="right"/>
      <partnerlink name="PLBOBServiciosUtil" x="1111" y="794" side="right"/>
   </partnerlink_locations>
   <graph_layout viewport="0,539,1243,539" show_swimlanes="true">
      <layout_item collapsed="false" xpath="/process" type="process" showhandlers="true"/>
      <layout_item collapsed="false" xpath="/process/sequence" type="sequence"/>
      <layout_item collapsed="true" xpath="/process/sequence/scope" type="rule" showhandlers="true"/>
      <layout_item collapsed="false" xpath="/process/sequence/scope/sequence" type="sequence"/>
      <layout_item collapsed="false" xpath="/process/sequence/flow" type="flow"/>
      <layout_item collapsed="false" xpath="/process/sequence/flow/sequence" type="sequence"/>
      <layout_item collapsed="false" xpath="/process/sequence/flow/sequence/switch" type="switch"/>
   </graph_layout>
   <bookmarks/>
</graphics>
