<?xml version="1.0" encoding="UTF-8" standalone="yes"?>
<component-info-list>
<component-info>
<description>This is a pojo service engine.</description>
<name>openesb-pojo-engine</name>
<state>Installed</state>
<type>Engine</type>
</component-info>
<component-info>
<description>Database binding</description>
<name>sun-database-binding</name>
<state>Installed</state>
<type>Binding</type>
</component-info>
<component-info>
<description>File Binding</description>
<name>sun-file-binding</name>
<state>Installed</state>
<type>Binding</type>
</component-info>
<component-info>
<description>FTP Binding</description>
<name>sun-ftp-binding</name>
<state>Installed</state>
<type>Binding</type>
</component-info>
<component-info>
<description>HTTP Soap Binding to send SOAP messages e.g. to and from BPEL service engine.</description>
<name>sun-http-binding</name>
<state>Installed</state>
<type>Binding</type>
</component-info>
<component-info>
<description>JMS Binding</description>
<name>sun-jms-binding</name>
<state>Installed</state>
<type>Binding</type>
</component-info>
<component-info>
<description>LDAP binding</description>
<name>sun-ldap-binding</name>
<state>Installed</state>
<type>Binding</type>
</component-info>
<component-info>
<description>This is a edm service engine.</description>
<name>sun-edm-engine</name>
<state>Installed</state>
<type>Engine</type>
</component-info>
<component-info>
<description>This is a etl service engine.</description>
<name>sun-etl-engine</name>
<state>Installed</state>
<type>Engine</type>
</component-info>
<component-info>
<description>This is a bpel service engine.</description>
<name>sun-bpel-engine</name>
<state>Installed</state>
<type>Engine</type>
</component-info>
<component-info>
<description>This is a iep service engine.</description>
<name>sun-iep-engine</name>
<state>Installed</state>
<type>Engine</type>
</component-info>
<component-info>
<description>Java EE service engine.</description>
<name>sun-javaee-engine</name>
<state>Installed</state>
<type>Engine</type>
</component-info>
<component-info>
<description>This is a xslt service engine.</description>
<name>sun-xslt-engine</name>
<state>Installed</state>
<type>Engine</type>
</component-info>
</component-info-list>
