<?xml version="1.0" encoding="UTF-8" standalone="yes"?>
<jbi xmlns="http://java.sun.com/xml/ns/jbi" xmlns:ns1="http://enterprise.netbeans.org/bpel/AddNonStandarizedContractsBPEL/mergeContractsProcess" xmlns:ns2="http://j2ee.netbeans.org/wsdl/AddNonStandarizedContractsBPEL/putAllContractsRemoteWSDL" xmlns:ns3="http://data.contracts.otc.crcc.com/" xmlns:ns4="http://j2ee.netbeans.org/wsdl/AddNonStandarizedContractsBPEL/getRemoteStandarizedFileWSDL" version="1.0">
<service-assembly>
<identification>
<name>AddNonStandarizedContractsCAPS</name>
<description>Represents the Service Assembly of AddNonStandarizedContractsCAPS</description>
</identification>
<connections>
<connection>
<consumer endpoint-name="OutboundOneWayTransferringPortTypeRole_partnerRole" service-name="ns1:putRemoteFile"/>
<provider endpoint-name="putAllContractsRemoteWSDL_OutboundOneWayTransferringPort" service-name="ns2:OutboundOneWayTransferringService"/>
</connection>
<connection>
<consumer endpoint-name="ContractsServiceRole_partnerRole" service-name="ns1:contractsFacade"/>
<provider endpoint-name="ContractsServicePort" service-name="ns3:ContractsServiceService"/>
</connection>
<connection>
<consumer endpoint-name="getRemoteStandarizedFileWSDL_InboundOneWayTransferringPort" service-name="ns4:InboundOneWayTransferringService"/>
<provider endpoint-name="InboundOneWayTransferringPortTypeRole_myRole" service-name="ns1:getRemoteFile"/>
</connection>
</connections>
</service-assembly>
</jbi>
