<?xml version = '1.0' encoding = 'UTF-8'?>
<hwTaskFlows xmlns="http://xmlns.oracle.com/bpel/workflow/hwTaskFlowProperties">
   <ApplicationName>worklist</ApplicationName>
   <LookupType>LOCAL</LookupType>
   <TaskFlowDeploy>false</TaskFlowDeploy>
   <TaskFlowServer>
      <hostName/>
      <httpPort/>
      <httpsPort/>
   </TaskFlowServer>
<hwTaskFlow><WorkflowName>HTLucasianProDevTarea</WorkflowName><TaskDefinitionNamespace>http://xmlns.oracle.com/bob/Bobo/HTLucasianProDevTarea</TaskDefinitionNamespace><TaskFlowId>HTLucasianProDevTarea_TaskFlow</TaskFlowId><TaskFlowFileName>WEB-INF/HTLucasianProDevTarea_TaskFlow.xml</TaskFlowFileName></hwTaskFlow></hwTaskFlows>
