<?xml version="1.0" encoding="UTF-8" standalone="yes"?>
<jbi xmlns="http://java.sun.com/xml/ns/jbi" xmlns:ns0="http://enterprise.netbeans.org/bpel/ManageAccountsAndParticipantsBPEL/ManageMEFFAccountsAndParticipants" xmlns:ns1="http://j2ee.netbeans.org/wsdl/ManageAccountsAndParticipantsBPEL/getParticipantRemoteFileWSDL" xmlns:ns2="http://services.accounts.otc.crcc.com/" xmlns:ns3="http://j2ee.netbeans.org/wsdl/ManageAccountsAndParticipantsBPEL/ReceiveAccountRemoteFileWSDL" xmlns:ns4="http://www.sun.com/jbi/descriptor/service-unit" version="1.0">
    <services binding-component="false">
        <provides endpoint-name="InboundOneWayTransferringPortTypeRole_myRole" interface-name="ns3:InboundOneWayTransferringPortType" service-name="ns0:plRemoteAccounts">
            <ns4:display-name>plRemoteAccounts</ns4:display-name>
            <ns4:process-name>ManageMEFFAccountsAndParticipants</ns4:process-name>
            <ns4:file-path>ManageMEFFAccountsAndParticipants.bpel</ns4:file-path>
        </provides>
        <consumes endpoint-name="ReceiveTransferringPortTypeRole_partnerRole" interface-name="ns1:ReceiveTransferringPortType" service-name="ns0:plRemoteParticip">
            <ns4:display-name>plRemoteParticip</ns4:display-name>
            <ns4:process-name>ManageMEFFAccountsAndParticipants</ns4:process-name>
            <ns4:file-path>ManageMEFFAccountsAndParticipants.bpel</ns4:file-path>
        </consumes>
        <consumes endpoint-name="PartiesAccountsServiceRole_partnerRole" interface-name="ns2:PartiesAccountsService" service-name="ns0:plAccountsServices">
            <ns4:display-name>plAccountsServices</ns4:display-name>
            <ns4:process-name>ManageMEFFAccountsAndParticipants</ns4:process-name>
            <ns4:file-path>ManageMEFFAccountsAndParticipants.bpel</ns4:file-path>
        </consumes>
    </services>
</jbi>
