<?xml version="1.0" encoding="UTF-8" standalone="yes"?>
<jbi xmlns="http://java.sun.com/xml/ns/jbi" xmlns:ns1="http://enterprise.netbeans.org/bpel/ManageAccountsAndParticipantsBPEL/ManageMEFFAccountsAndParticipants" xmlns:ns2="http://j2ee.netbeans.org/wsdl/ManageAccountsAndParticipantsBPEL/getParticipantRemoteFileWSDL" xmlns:ns3="http://services.accounts.otc.crcc.com/" xmlns:ns4="http://j2ee.netbeans.org/wsdl/ManageAccountsAndParticipantsBPEL/ReceiveAccountRemoteFileWSDL" version="1.0">
<service-assembly>
<identification>
<name>ManageAccountsAndParticipantsCAPS</name>
<description>Represents the Service Assembly of ManageAccountsAndParticipantsCAPS</description>
</identification>
<connections>
<connection>
<consumer endpoint-name="ReceiveTransferringPortTypeRole_partnerRole" service-name="ns1:plRemoteParticip"/>
<provider endpoint-name="getParticipantRemoteFileWSDL_ReceiveTransferringPort" service-name="ns2:ReceiveTransferringService"/>
</connection>
<connection>
<consumer endpoint-name="PartiesAccountsServiceRole_partnerRole" service-name="ns1:plAccountsServices"/>
<provider endpoint-name="PartiesAccountsServicePort" service-name="ns3:PartiesAccountsServiceService"/>
</connection>
<connection>
<consumer endpoint-name="ReceiveAccountRemoteFileWSDL_InboundOneWayTransferringPort" service-name="ns4:InboundOneWayTransferringService"/>
<provider endpoint-name="InboundOneWayTransferringPortTypeRole_myRole" service-name="ns1:plRemoteAccounts"/>
</connection>
</connections>
</service-assembly>
</jbi>
