<?xml version="1.0" encoding="UTF-8" ?>
<adfc-config xmlns="http://xmlns.oracle.com/adf/controller" version="1.2">
  <task-flow-definition id="LucasianProDevCrearPlanDeProyecto_TaskFlow">
    <default-activity id="__110">taskDetails1_jspx</default-activity>
    <data-control-scope id="__204">
      <isolated/>
    </data-control-scope>
    <input-parameter-definition id="__3">
      <name id="__1">bpmWorklistContext</name>
      <value id="__4">#{pageFlowScope.bpmWorklistContext}</value>
      <class id="__2"></class>
    </input-parameter-definition>
    <input-parameter-definition id="__5">
      <name id="__6">bpmWorklistTaskId</name>
      <value id="__8">#{pageFlowScope.bpmWorklistTaskId}</value>
      <class id="__7"></class>
    </input-parameter-definition>
    <input-parameter-definition id="__11">
      <name id="__10">bpmWorklistTaskVersion</name>
      <value id="__12">#{pageFlowScope.bpmWorklistTaskVersion}</value>
      <class id="__9"></class>
    </input-parameter-definition>
    <input-parameter-definition id="__16">
      <name id="__13">bpmWorklistHttpURL</name>
      <value id="__14">#{pageFlowScope.bpmWorklistHttpURL}</value>
      <class id="__15"></class>
    </input-parameter-definition>
    <input-parameter-definition id="__17">
      <name id="__19">parentURL</name>
      <value id="__18">#{pageFlowScope.parentURL}</value>
      <class id="__20"></class>
    </input-parameter-definition>
    <input-parameter-definition id="__21">
      <name id="__23">bpmWorklistHome</name>
      <value id="__24">#{pageFlowScope.bpmWorklistHome}</value>
      <class id="__22"></class>
    </input-parameter-definition>
    <input-parameter-definition id="__27">
      <name id="__28">bpmWorklistLogin</name>
      <value id="__26">#{pageFlowScope.bpmWorklistLogin}</value>
      <class id="__25"></class>
    </input-parameter-definition>
    <input-parameter-definition id="__29">
      <name id="__31">bpmWorklistLogout</name>
      <value id="__30">#{pageFlowScope.bpmWorklistLogout}</value>
      <class id="__32"></class>
    </input-parameter-definition>
    <input-parameter-definition id="__33">
      <name id="__34">bpmWorklistReassign</name>
      <value id="__36">#{pageFlowScope.bpmWorklistReassign}</value>
      <class id="__35"></class>
    </input-parameter-definition>
    <input-parameter-definition id="__38">
      <name id="__39">bpmWorklistHistory</name>
      <value id="__37">#{pageFlowScope.bpmWorklistHistory}</value>
      <class id="__40"></class>
    </input-parameter-definition>
    <input-parameter-definition id="__41">
      <name id="__44">bpmWorklistRequestInfo</name>
      <value id="__43">#{pageFlowScope.bpmWorklistRequestInfo}</value>
      <class id="__42"></class>
    </input-parameter-definition>
    <input-parameter-definition id="__47">
      <name id="__48">bpmWorklistRoute</name>
      <value id="__45">#{pageFlowScope.bpmWorklistRoute}</value>
      <class id="__46"></class>
    </input-parameter-definition>
    <input-parameter-definition id="__49">
      <name id="__51">bpmClientType</name>
      <value id="__52">#{pageFlowScope.bpmClientType}</value>
      <class id="__50"></class>
    </input-parameter-definition>
    <input-parameter-definition id="__55">
      <name id="__56">bpmBrowserWindowStatus</name>
      <value id="__53">#{pageFlowScope.bpmBrowserWindowStatus}</value>
      <class id="__54"></class>
    </input-parameter-definition>
    <input-parameter-definition id="__59">
      <name id="__60">bpmWorklistBackPage</name>
      <value id="__57">#{pageFlowScope.bpmWorklistBackPage}</value>
      <class id="__58"></class>
    </input-parameter-definition>
    <input-parameter-definition id="__64">
      <name id="__63">bpmWorklistSecurity</name>
      <value id="__61">#{pageFlowScope.bpmWorklistSecurity}</value>
      <class id="__62"></class>
    </input-parameter-definition>
    <input-parameter-definition id="__67">
      <name id="__65">bpmWorklistGraphHistory</name>
      <value id="__66">#{pageFlowScope.bpmWorklistGraphSecurity}</value>
      <class id="__68"></class>
    </input-parameter-definition>
    <input-parameter-definition id="__71">
      <name id="__70">lg</name>
      <value id="__72">#{pageFlowScope.lg}</value>
      <class id="__69"></class>
    </input-parameter-definition>
    <input-parameter-definition id="__76">
      <name id="__75">cy</name>
      <value id="__74">#{pageFlowScope.cy}</value>
      <class id="__73"></class>
    </input-parameter-definition>
    <input-parameter-definition id="__80">
      <name id="__78">vr</name>
      <value id="__77">#{pageFlowScope.vr}</value>
      <class id="__79"></class>
    </input-parameter-definition>
    <input-parameter-definition id="__82">
      <name id="__84">tz</name>
      <value id="__83">#{pageFlowScope.tz}</value>
      <class id="__81"></class>
    </input-parameter-definition>
    <input-parameter-definition id="__88">
      <name id="__87">df</name>
      <value id="__86">#{pageFlowScope.df}</value>
      <class id="__85"></class>
    </input-parameter-definition>
    <input-parameter-definition id="__89">
      <name id="__90">tf</name>
      <value id="__92">#{pageFlowScope.tf}</value>
      <class id="__91"></class>
    </input-parameter-definition>
    <input-parameter-definition id="__93">
      <name id="__94">dt</name>
      <value id="__95">#{pageFlowScope.dt}</value>
      <class id="__96"></class>
    </input-parameter-definition>
    <input-parameter-definition id="__100">
      <name id="__99">dateTimePattern</name>
      <value id="__98">#{pageFlowScope.dateTimePattern}</value>
      <class id="__97"></class>
    </input-parameter-definition>
    <input-parameter-definition id="__103">
      <name id="__101">datePattern</name>
      <value id="__104">#{pageFlowScope.datePattern}</value>
      <class id="__102"></class>
    </input-parameter-definition>
    <input-parameter-definition id="__105">
      <name id="__108">timePattern</name>
      <value id="__107">#{pageFlowScope.timePattern}</value>
      <class id="__106"></class>
    </input-parameter-definition>
    <managed-bean id="__126">
      <managed-bean-name id="__127">redirectBean</managed-bean-name>
      <managed-bean-class id="__128">oracle.bpel.services.workflow.worklist.adf.PageRedirectBean</managed-bean-class>
      <managed-bean-scope id="__129">pageFlow</managed-bean-scope>
    </managed-bean>
    <managed-bean id="__131">
      <managed-bean-name id="__133">addCommentBean</managed-bean-name>
      <managed-bean-class id="__132">oracle.bpel.services.workflow.worklist.adf.AddCommentBean</managed-bean-class>
      <managed-bean-scope id="__130">request</managed-bean-scope>
      <managed-property id="__134">
        <property-name id="__135">bindings</property-name>
        <value id="__136">#{bindings}</value>
      </managed-property>
    </managed-bean>
    <managed-bean id="__138">
      <managed-bean-name id="__137">taskDocumentationBean</managed-bean-name>
      <managed-bean-class id="__139">oracle.bpel.services.workflow.worklist.adf.TaskDocumentationBean</managed-bean-class>
      <managed-bean-scope id="__140">pageFlow</managed-bean-scope>
    </managed-bean>
    <managed-bean id="__143">
      <managed-bean-name id="__141">addAttachmentBean</managed-bean-name>
      <managed-bean-class id="__142">oracle.bpel.services.workflow.worklist.adf.AddAttachmentBean</managed-bean-class>
      <managed-bean-scope id="__144">request</managed-bean-scope>
      <managed-property id="__146">
        <property-name id="__145">bindings</property-name>
        <value id="__147">#{bindings}</value>
      </managed-property>
    </managed-bean>
    <managed-bean id="__151">
      <managed-bean-name id="__149">readAttachmentBean</managed-bean-name>
      <managed-bean-class id="__150">oracle.bpel.services.workflow.worklist.adf.ReadAttachmentBean</managed-bean-class>
      <managed-bean-scope id="__148">pageFlow</managed-bean-scope>
    </managed-bean>
    <managed-bean id="__154">
      <managed-bean-name id="__153">addDocumentBean</managed-bean-name>
      <managed-bean-class id="__155">oracle.bpel.services.workflow.worklist.adf.AddDocumentBean</managed-bean-class>
      <managed-bean-scope id="__152">request</managed-bean-scope>
      <managed-property id="__158">
        <property-name id="__156">bindings</property-name>
        <value id="__157">#{bindings}</value>
      </managed-property>
    </managed-bean>
    <managed-bean id="__162">
      <managed-bean-name id="__160">readDocumentBean</managed-bean-name>
      <managed-bean-class id="__159">oracle.bpel.services.workflow.worklist.adf.ReadDocumentBean</managed-bean-class>
      <managed-bean-scope id="__161">pageFlow</managed-bean-scope>
    </managed-bean>
    <managed-bean id="__164">
      <managed-bean-name id="__165">popupBean</managed-bean-name>
      <managed-bean-class id="__163">oracle.bpel.services.workflow.worklist.adf.ADFPopupBean</managed-bean-class>
      <managed-bean-scope id="__166">request</managed-bean-scope>
    </managed-bean>
    <managed-bean id="__170">
      <managed-bean-name id="__167">actionAvailable</managed-bean-name>
      <managed-bean-class id="__168">oracle.bpel.services.workflow.worklist.adf.ActionEnablerBean</managed-bean-class>
      <managed-bean-scope id="__169">request</managed-bean-scope>
      <managed-property id="__171">
        <property-name id="__173">bindings</property-name>
        <value id="__172">#{bindings}</value>
      </managed-property>
    </managed-bean>
    <managed-bean id="__176">
      <managed-bean-name id="__175">invokeActionBean</managed-bean-name>
      <managed-bean-class id="__174">oracle.bpel.services.workflow.worklist.adf.InvokeActionBean</managed-bean-class>
      <managed-bean-scope id="__177">request</managed-bean-scope>
      <managed-property id="__180">
        <property-name id="__178">isReturnActivity</property-name>
        <value id="__179">true</value>
      </managed-property>
      <managed-property id="__182">
        <property-name id="__181">taskFormVersion</property-name>
        <value id="__183">111160</value>
      </managed-property>
    </managed-bean>
    <managed-bean id="__185">
      <managed-bean-name id="__186">aleComponentBean</managed-bean-name>
      <managed-bean-class id="__184">oracle.bpel.services.workflow.worklist.adf.ALEComponentBean</managed-bean-class>
      <managed-bean-scope id="__187">pageFlow</managed-bean-scope>
    </managed-bean>
    <managed-bean id="__188">
      <managed-bean-name id="__190">taskFlowReassignBean</managed-bean-name>
      <managed-bean-class id="__189">oracle.bpel.services.workflow.worklist.adf.TaskFlowReassignBean</managed-bean-class>
      <managed-bean-scope id="__191">pageFlow</managed-bean-scope>
    </managed-bean>
    <managed-bean id="__193">
      <managed-bean-name id="__194">identityBrowserView</managed-bean-name>
      <managed-bean-class id="__192">oracle.bpel.worklistapp.dc.idbrowser.beans.view.IdentityBrowserView</managed-bean-class>
      <managed-bean-scope id="__195">pageFlow</managed-bean-scope>
    </managed-bean>
    <managed-bean id="__198">
      <managed-bean-name id="__199">userPreferencesBean</managed-bean-name>
      <managed-bean-class id="__197">oracle.bpel.worklistapp.userprefs.UserPreferencesBean</managed-bean-class>
      <managed-bean-scope id="__196">pageFlow</managed-bean-scope>
      <managed-property id="__202">
        <property-name id="__200">userPrefs</property-name>
        <value id="__201">#{pageFlowScope.taskFlowReassignBean.userPrefs}</value>
      </managed-property>
    </managed-bean>
    <finalizer id="__111">#{invokeActionBean.invokeScript}</finalizer>
    <view id="taskDetails1_jspx">
      <page id="__109">/taskDetails1.jspx</page>
    </view>
    <task-flow-return id="taskReturn">
      <outcome id="__113">
        <name id="__112">done</name>
      </outcome>
    </task-flow-return>
    <task-flow-return id="taskFlowRefresh">
      <outcome id="__119">
        <name id="__120">refresh</name>
      </outcome>
    </task-flow-return>
    <control-flow-rule id="__114">
      <from-activity-id id="__116">*</from-activity-id>
      <control-flow-case id="__115">
        <from-outcome id="__117">closeTaskFlow</from-outcome>
        <to-activity-id id="__118">taskReturn</to-activity-id>
      </control-flow-case>
    </control-flow-rule>
    <control-flow-rule id="__121">
      <from-activity-id id="__123">*</from-activity-id>
      <control-flow-case id="__122">
        <from-outcome id="__124">refreshTaskFlow</from-outcome>
        <to-activity-id id="__125">taskFlowRefresh</to-activity-id>
      </control-flow-case>
    </control-flow-rule>
    <visibility id="__203">
      <url-invoke-allowed/>
    </visibility>
  </task-flow-definition>
</adfc-config>
