<?xml version="1.0" encoding="UTF-8" standalone="yes"?>
<jbi xmlns="http://java.sun.com/xml/ns/jbi" xmlns:ns1="http://j2ee.netbeans.org/wsdl/novateTradeClient-bpl/processNovateResponseWSDL" xmlns:ns2="http://enterprise.netbeans.org/bpel/ClientProcessNovateTradeResponse/processNovateTradeResponse" xmlns:ns3="http://j2ee.netbeans.org/wsdl/ClientProcessNovateTradeResponse/fileWSDL" version="1.0">
<service-assembly>
<identification>
<name>ClientProcessNovateTradeResponseCAPSRMWSS</name>
<description>Represents the Service Assembly of ClientProcessNovateTradeResponseCAPSRMWSS</description>
</identification>
<connections>
<connection>
<consumer endpoint-name="processNovateResponseWSDLPort" service-name="ns1:processNovateResponseWSDLService"/>
<provider endpoint-name="processNovateResponseWSDLPortTypeRole_myRole" service-name="ns2:processNovateResponse"/>
</connection>
<connection>
<consumer endpoint-name="FileOutboundPortTypeRole_partnerRole" service-name="ns2:file"/>
<provider endpoint-name="fileWSDL_OutboundPort" service-name="ns3:FileOutboundService"/>
</connection>
</connections>
</service-assembly>
</jbi>
