<?xml version="1.0" encoding="UTF-8" ?>
<!-- Generated by Oracle SOA Modeler version 1.0 at [7/6/12 4:52 PM]. -->
<composite name="bob.bpm"
           revision="1.0"
           label="2012-07-06_16-52-18_378"
           mode="active"
           state="on"
           xmlns="http://xmlns.oracle.com/sca/1.0"
           xmlns:xs="http://www.w3.org/2001/XMLSchema"
           xmlns:wsp="http://schemas.xmlsoap.org/ws/2004/09/policy"
           xmlns:orawsp="http://schemas.oracle.com/ws/2006/01/policy"
           xmlns:ui="http://xmlns.oracle.com/soa/designer/">
  <import namespace="http://xmlns.oracle.com/bpmn/bpmnProcess/Especificación"
          location="Especificación.wsdl" importType="wsdl"/>
  <service name="Especificación.service" ui:wsdlLocation="Especificación.wsdl">
    <interface.wsdl interface="http://xmlns.oracle.com/bpmn/bpmnProcess/Especificación#wsdl.interface(EspecificaciónPortType)"
                    callbackInterface="http://xmlns.oracle.com/bpmn/bpmnProcess/Especificación#wsdl.interface(EspecificaciónPortTypeCallBack)"/>
    <binding.ws port="http://xmlns.oracle.com/bpmn/bpmnProcess/Especificación#wsdl.endpoint(Especificación.service/EspecificaciónPort)"/>
    <callback>
      <binding.ws port="http://xmlns.oracle.com/bpmn/bpmnProcess/Especificación#wsdl.endpoint(Especificación.service/EspecificaciónPortTypeCallBack_pt)"/>
    </callback>
  </service>
  <component name="Especificación">
    <implementation.bpmn src="processes/Especificación.bpmn"/>
  </component>
  <wire>
    <source.uri>Especificación.service</source.uri>
    <target.uri>Especificación/Especificación.service</target.uri>
  </wire>
</composite>
