<?xml version="1.0" encoding="UTF-8" standalone="yes"?>
<jbi xmlns="http://java.sun.com/xml/ns/jbi" xmlns:ns1="http://j2ee.netbeans.org/wsdl/novateTrade-bpel/novateTradeWSDL" xmlns:ns2="http://enterprise.netbeans.org/bpel/novateTradeProcess/novateTrade" xmlns:ns3="http://j2ee.netbeans.org/wsdl/novateTradeProcess/putIncomingMessageToJMS" version="1.0">
<service-assembly>
<identification>
<name>novateTradeProcessCAPSRMWSS</name>
<description>Represents the Service Assembly of novateTradeProcessCAPSRMWSS</description>
</identification>
<connections>
<connection>
<consumer endpoint-name="novateTradeWSDLPort" service-name="ns1:novateTradeWSDLService"/>
<provider endpoint-name="novateTradeWSDLPortTypeRole_myRole" service-name="ns2:novateTradePL"/>
</connection>
<connection>
<consumer endpoint-name="JMSOutPortTypeRole_partnerRole" service-name="ns2:putToJMS"/>
<provider endpoint-name="putIncomingMessageToJMS_OutPort" service-name="ns3:JMSOutService"/>
</connection>
</connections>
</service-assembly>
</jbi>
