<?xml version="1.0" encoding="UTF-8" ?>
<JavaBean xmlns="http://xmlns.oracle.com/adfm/beanmodel" version="11.1.1.61.92"
          id="customAttributesType"
          Package="LucasianProDevCrearPlanDeProyecto_LucasianProDevCrearPlanDeProyecto"
          BeanClass="LucasianProDevCrearPlanDeProyecto_LucasianProDevCrearPlanDeProyecto.customAttributesType"
          isJavaBased="false">
  <Attribute Name="customAttributeString1" Type="java.lang.String">
    <Properties>
      <CustomProperties>
        <Property Name="nextSiblingNamespace"
                  Value="http://xmlns.oracle.com/bpel/workflow/task"/>
        <Property Name="nextSibling" Value="customAttributeString2"/>
        <Property Name="minOccurs" Value="0"/>
        <Property Name="maxOccurs" Value="1"/>
        <Property Name="LABEL" Value="Custom Attribute String 1"/>
        <Property Name="LeafElement_hint" Value="LeafElement_no_attribute"/>
        <Property Name="nillable" Value="false"/>
        <Property Name="originalName" Value="customAttributeString1"/>
        <Property Name="targetNamespace"
                  Value="http://xmlns.oracle.com/bpel/workflow/task"/>
        <Property Name="type" Value="java.lang.String"/>
      </CustomProperties>
    </Properties>
  </Attribute>
  <Attribute Name="customAttributeString2" Type="java.lang.String">
    <Properties>
      <CustomProperties>
        <Property Name="nextSiblingNamespace"
                  Value="http://xmlns.oracle.com/bpel/workflow/task"/>
        <Property Name="nextSibling" Value="customAttributeNumber1"/>
        <Property Name="minOccurs" Value="0"/>
        <Property Name="maxOccurs" Value="1"/>
        <Property Name="LABEL" Value="Custom Attribute String 2"/>
        <Property Name="LeafElement_hint" Value="LeafElement_no_attribute"/>
        <Property Name="nillable" Value="false"/>
        <Property Name="originalName" Value="customAttributeString2"/>
        <Property Name="targetNamespace"
                  Value="http://xmlns.oracle.com/bpel/workflow/task"/>
        <Property Name="type" Value="java.lang.String"/>
      </CustomProperties>
    </Properties>
  </Attribute>
  <Attribute Name="customAttributeNumber1" Type="java.lang.Double">
    <Properties>
      <CustomProperties>
        <Property Name="nextSiblingNamespace"
                  Value="http://xmlns.oracle.com/bpel/workflow/task"/>
        <Property Name="nextSibling" Value="customAttributeNumber2"/>
        <Property Name="minOccurs" Value="0"/>
        <Property Name="maxOccurs" Value="1"/>
        <Property Name="LABEL" Value="Custom Attribute Number 1"/>
        <Property Name="LeafElement_hint" Value="LeafElement_no_attribute"/>
        <Property Name="nillable" Value="false"/>
        <Property Name="originalName" Value="customAttributeNumber1"/>
        <Property Name="targetNamespace"
                  Value="http://xmlns.oracle.com/bpel/workflow/task"/>
        <Property Name="type" Value="java.lang.Double"/>
      </CustomProperties>
    </Properties>
  </Attribute>
  <Attribute Name="customAttributeNumber2" Type="java.lang.Double">
    <Properties>
      <CustomProperties>
        <Property Name="nextSiblingNamespace"
                  Value="http://xmlns.oracle.com/bpel/workflow/task"/>
        <Property Name="nextSibling" Value="customAttributeDate1"/>
        <Property Name="minOccurs" Value="0"/>
        <Property Name="maxOccurs" Value="1"/>
        <Property Name="LABEL" Value="Custom Attribute Number 2"/>
        <Property Name="LeafElement_hint" Value="LeafElement_no_attribute"/>
        <Property Name="nillable" Value="false"/>
        <Property Name="originalName" Value="customAttributeNumber2"/>
        <Property Name="targetNamespace"
                  Value="http://xmlns.oracle.com/bpel/workflow/task"/>
        <Property Name="type" Value="java.lang.Double"/>
      </CustomProperties>
    </Properties>
  </Attribute>
  <Attribute Name="customAttributeDate1" Type="java.sql.Timestamp">
    <Properties>
      <CustomProperties>
        <Property Name="nextSiblingNamespace"
                  Value="http://xmlns.oracle.com/bpel/workflow/task"/>
        <Property Name="nextSibling" Value="customAttributeDate2"/>
        <Property Name="minOccurs" Value="0"/>
        <Property Name="maxOccurs" Value="1"/>
        <Property Name="LABEL" Value="Custom Attribute Date 1"/>
        <Property Name="LeafElement_hint" Value="LeafElement_no_attribute"/>
        <Property Name="nillable" Value="false"/>
        <Property Name="originalName" Value="customAttributeDate1"/>
        <Property Name="targetNamespace"
                  Value="http://xmlns.oracle.com/bpel/workflow/task"/>
        <Property Name="type" Value="dateTime"/>
      </CustomProperties>
    </Properties>
  </Attribute>
  <Attribute Name="customAttributeDate2" Type="java.sql.Timestamp">
    <Properties>
      <CustomProperties>
        <Property Name="minOccurs" Value="0"/>
        <Property Name="maxOccurs" Value="1"/>
        <Property Name="LABEL" Value="Custom Attribute Date 2"/>
        <Property Name="LeafElement_hint" Value="LeafElement_no_attribute"/>
        <Property Name="nillable" Value="false"/>
        <Property Name="originalName" Value="customAttributeDate2"/>
        <Property Name="targetNamespace"
                  Value="http://xmlns.oracle.com/bpel/workflow/task"/>
        <Property Name="type" Value="dateTime"/>
      </CustomProperties>
    </Properties>
  </Attribute>
</JavaBean>
