<?xml version="1.0" encoding="UTF-8" ?>
<adfc-config xmlns="http://xmlns.oracle.com/adf/controller" version="1.2">
  <task-flow-definition id="HTLucasianProDevTarea_TaskFlow">
    <default-activity id="__110">taskDetails1_jspx</default-activity>
    <data-control-scope id="__204">
      <isolated/>
    </data-control-scope>
    <input-parameter-definition id="__3">
      <name id="__4">bpmWorklistContext</name>
      <value id="__2">#{pageFlowScope.bpmWorklistContext}</value>
      <class id="__1"></class>
    </input-parameter-definition>
    <input-parameter-definition id="__6">
      <name id="__8">bpmWorklistTaskId</name>
      <value id="__5">#{pageFlowScope.bpmWorklistTaskId}</value>
      <class id="__7"></class>
    </input-parameter-definition>
    <input-parameter-definition id="__12">
      <name id="__9">bpmWorklistTaskVersion</name>
      <value id="__10">#{pageFlowScope.bpmWorklistTaskVersion}</value>
      <class id="__11"></class>
    </input-parameter-definition>
    <input-parameter-definition id="__13">
      <name id="__16">bpmWorklistHttpURL</name>
      <value id="__14">#{pageFlowScope.bpmWorklistHttpURL}</value>
      <class id="__15"></class>
    </input-parameter-definition>
    <input-parameter-definition id="__19">
      <name id="__20">parentURL</name>
      <value id="__17">#{pageFlowScope.parentURL}</value>
      <class id="__18"></class>
    </input-parameter-definition>
    <input-parameter-definition id="__23">
      <name id="__24">bpmWorklistHome</name>
      <value id="__21">#{pageFlowScope.bpmWorklistHome}</value>
      <class id="__22"></class>
    </input-parameter-definition>
    <input-parameter-definition id="__26">
      <name id="__28">bpmWorklistLogin</name>
      <value id="__25">#{pageFlowScope.bpmWorklistLogin}</value>
      <class id="__27"></class>
    </input-parameter-definition>
    <input-parameter-definition id="__32">
      <name id="__29">bpmWorklistLogout</name>
      <value id="__31">#{pageFlowScope.bpmWorklistLogout}</value>
      <class id="__30"></class>
    </input-parameter-definition>
    <input-parameter-definition id="__33">
      <name id="__34">bpmWorklistReassign</name>
      <value id="__36">#{pageFlowScope.bpmWorklistReassign}</value>
      <class id="__35"></class>
    </input-parameter-definition>
    <input-parameter-definition id="__37">
      <name id="__40">bpmWorklistHistory</name>
      <value id="__39">#{pageFlowScope.bpmWorklistHistory}</value>
      <class id="__38"></class>
    </input-parameter-definition>
    <input-parameter-definition id="__42">
      <name id="__44">bpmWorklistRequestInfo</name>
      <value id="__41">#{pageFlowScope.bpmWorklistRequestInfo}</value>
      <class id="__43"></class>
    </input-parameter-definition>
    <input-parameter-definition id="__46">
      <name id="__45">bpmWorklistRoute</name>
      <value id="__47">#{pageFlowScope.bpmWorklistRoute}</value>
      <class id="__48"></class>
    </input-parameter-definition>
    <input-parameter-definition id="__51">
      <name id="__52">bpmClientType</name>
      <value id="__50">#{pageFlowScope.bpmClientType}</value>
      <class id="__49"></class>
    </input-parameter-definition>
    <input-parameter-definition id="__56">
      <name id="__55">bpmBrowserWindowStatus</name>
      <value id="__53">#{pageFlowScope.bpmBrowserWindowStatus}</value>
      <class id="__54"></class>
    </input-parameter-definition>
    <input-parameter-definition id="__58">
      <name id="__57">bpmWorklistBackPage</name>
      <value id="__60">#{pageFlowScope.bpmWorklistBackPage}</value>
      <class id="__59"></class>
    </input-parameter-definition>
    <input-parameter-definition id="__64">
      <name id="__61">bpmWorklistSecurity</name>
      <value id="__63">#{pageFlowScope.bpmWorklistSecurity}</value>
      <class id="__62"></class>
    </input-parameter-definition>
    <input-parameter-definition id="__67">
      <name id="__68">bpmWorklistGraphHistory</name>
      <value id="__66">#{pageFlowScope.bpmWorklistGraphSecurity}</value>
      <class id="__65"></class>
    </input-parameter-definition>
    <input-parameter-definition id="__69">
      <name id="__70">lg</name>
      <value id="__72">#{pageFlowScope.lg}</value>
      <class id="__71"></class>
    </input-parameter-definition>
    <input-parameter-definition id="__76">
      <name id="__75">cy</name>
      <value id="__73">#{pageFlowScope.cy}</value>
      <class id="__74"></class>
    </input-parameter-definition>
    <input-parameter-definition id="__78">
      <name id="__79">vr</name>
      <value id="__77">#{pageFlowScope.vr}</value>
      <class id="__80"></class>
    </input-parameter-definition>
    <input-parameter-definition id="__84">
      <name id="__83">tz</name>
      <value id="__81">#{pageFlowScope.tz}</value>
      <class id="__82"></class>
    </input-parameter-definition>
    <input-parameter-definition id="__87">
      <name id="__88">df</name>
      <value id="__85">#{pageFlowScope.df}</value>
      <class id="__86"></class>
    </input-parameter-definition>
    <input-parameter-definition id="__92">
      <name id="__89">tf</name>
      <value id="__90">#{pageFlowScope.tf}</value>
      <class id="__91"></class>
    </input-parameter-definition>
    <input-parameter-definition id="__96">
      <name id="__93">dt</name>
      <value id="__94">#{pageFlowScope.dt}</value>
      <class id="__95"></class>
    </input-parameter-definition>
    <input-parameter-definition id="__100">
      <name id="__98">dateTimePattern</name>
      <value id="__97">#{pageFlowScope.dateTimePattern}</value>
      <class id="__99"></class>
    </input-parameter-definition>
    <input-parameter-definition id="__102">
      <name id="__101">datePattern</name>
      <value id="__103">#{pageFlowScope.datePattern}</value>
      <class id="__104"></class>
    </input-parameter-definition>
    <input-parameter-definition id="__108">
      <name id="__105">timePattern</name>
      <value id="__106">#{pageFlowScope.timePattern}</value>
      <class id="__107"></class>
    </input-parameter-definition>
    <managed-bean id="__129">
      <managed-bean-name id="__128">redirectBean</managed-bean-name>
      <managed-bean-class id="__126">oracle.bpel.services.workflow.worklist.adf.PageRedirectBean</managed-bean-class>
      <managed-bean-scope id="__127">pageFlow</managed-bean-scope>
    </managed-bean>
    <managed-bean id="__130">
      <managed-bean-name id="__133">addCommentBean</managed-bean-name>
      <managed-bean-class id="__131">oracle.bpel.services.workflow.worklist.adf.AddCommentBean</managed-bean-class>
      <managed-bean-scope id="__132">request</managed-bean-scope>
      <managed-property id="__135">
        <property-name id="__134">bindings</property-name>
        <value id="__136">#{bindings}</value>
      </managed-property>
    </managed-bean>
    <managed-bean id="__139">
      <managed-bean-name id="__137">taskDocumentationBean</managed-bean-name>
      <managed-bean-class id="__140">oracle.bpel.services.workflow.worklist.adf.TaskDocumentationBean</managed-bean-class>
      <managed-bean-scope id="__138">pageFlow</managed-bean-scope>
    </managed-bean>
    <managed-bean id="__144">
      <managed-bean-name id="__141">addAttachmentBean</managed-bean-name>
      <managed-bean-class id="__142">oracle.bpel.services.workflow.worklist.adf.AddAttachmentBean</managed-bean-class>
      <managed-bean-scope id="__143">request</managed-bean-scope>
      <managed-property id="__145">
        <property-name id="__147">bindings</property-name>
        <value id="__146">#{bindings}</value>
      </managed-property>
    </managed-bean>
    <managed-bean id="__150">
      <managed-bean-name id="__148">readAttachmentBean</managed-bean-name>
      <managed-bean-class id="__151">oracle.bpel.services.workflow.worklist.adf.ReadAttachmentBean</managed-bean-class>
      <managed-bean-scope id="__149">pageFlow</managed-bean-scope>
    </managed-bean>
    <managed-bean id="__153">
      <managed-bean-name id="__154">addDocumentBean</managed-bean-name>
      <managed-bean-class id="__152">oracle.bpel.services.workflow.worklist.adf.AddDocumentBean</managed-bean-class>
      <managed-bean-scope id="__155">request</managed-bean-scope>
      <managed-property id="__157">
        <property-name id="__158">bindings</property-name>
        <value id="__156">#{bindings}</value>
      </managed-property>
    </managed-bean>
    <managed-bean id="__159">
      <managed-bean-name id="__161">readDocumentBean</managed-bean-name>
      <managed-bean-class id="__160">oracle.bpel.services.workflow.worklist.adf.ReadDocumentBean</managed-bean-class>
      <managed-bean-scope id="__162">pageFlow</managed-bean-scope>
    </managed-bean>
    <managed-bean id="__165">
      <managed-bean-name id="__164">popupBean</managed-bean-name>
      <managed-bean-class id="__163">oracle.bpel.services.workflow.worklist.adf.ADFPopupBean</managed-bean-class>
      <managed-bean-scope id="__166">request</managed-bean-scope>
    </managed-bean>
    <managed-bean id="__169">
      <managed-bean-name id="__168">actionAvailable</managed-bean-name>
      <managed-bean-class id="__167">oracle.bpel.services.workflow.worklist.adf.ActionEnablerBean</managed-bean-class>
      <managed-bean-scope id="__170">request</managed-bean-scope>
      <managed-property id="__172">
        <property-name id="__171">bindings</property-name>
        <value id="__173">#{bindings}</value>
      </managed-property>
    </managed-bean>
    <managed-bean id="__174">
      <managed-bean-name id="__177">invokeActionBean</managed-bean-name>
      <managed-bean-class id="__176">oracle.bpel.services.workflow.worklist.adf.InvokeActionBean</managed-bean-class>
      <managed-bean-scope id="__175">request</managed-bean-scope>
      <managed-property id="__180">
        <property-name id="__179">isReturnActivity</property-name>
        <value id="__178">true</value>
      </managed-property>
      <managed-property id="__183">
        <property-name id="__182">taskFormVersion</property-name>
        <value id="__181">111160</value>
      </managed-property>
    </managed-bean>
    <managed-bean id="__187">
      <managed-bean-name id="__186">aleComponentBean</managed-bean-name>
      <managed-bean-class id="__185">oracle.bpel.services.workflow.worklist.adf.ALEComponentBean</managed-bean-class>
      <managed-bean-scope id="__184">pageFlow</managed-bean-scope>
    </managed-bean>
    <managed-bean id="__191">
      <managed-bean-name id="__189">taskFlowReassignBean</managed-bean-name>
      <managed-bean-class id="__190">oracle.bpel.services.workflow.worklist.adf.TaskFlowReassignBean</managed-bean-class>
      <managed-bean-scope id="__188">pageFlow</managed-bean-scope>
    </managed-bean>
    <managed-bean id="__193">
      <managed-bean-name id="__194">identityBrowserView</managed-bean-name>
      <managed-bean-class id="__192">oracle.bpel.worklistapp.dc.idbrowser.beans.view.IdentityBrowserView</managed-bean-class>
      <managed-bean-scope id="__195">pageFlow</managed-bean-scope>
    </managed-bean>
    <managed-bean id="__198">
      <managed-bean-name id="__199">userPreferencesBean</managed-bean-name>
      <managed-bean-class id="__197">oracle.bpel.worklistapp.userprefs.UserPreferencesBean</managed-bean-class>
      <managed-bean-scope id="__196">pageFlow</managed-bean-scope>
      <managed-property id="__202">
        <property-name id="__200">userPrefs</property-name>
        <value id="__201">#{pageFlowScope.taskFlowReassignBean.userPrefs}</value>
      </managed-property>
    </managed-bean>
    <finalizer id="__111">#{invokeActionBean.invokeScript}</finalizer>
    <view id="taskDetails1_jspx">
      <page id="__109">/taskDetails1.jspx</page>
    </view>
    <task-flow-return id="taskReturn">
      <outcome id="__112">
        <name id="__113">done</name>
      </outcome>
    </task-flow-return>
    <task-flow-return id="taskFlowRefresh">
      <outcome id="__120">
        <name id="__119">refresh</name>
      </outcome>
    </task-flow-return>
    <control-flow-rule id="__114">
      <from-activity-id id="__116">*</from-activity-id>
      <control-flow-case id="__115">
        <from-outcome id="__117">closeTaskFlow</from-outcome>
        <to-activity-id id="__118">taskReturn</to-activity-id>
      </control-flow-case>
    </control-flow-rule>
    <control-flow-rule id="__121">
      <from-activity-id id="__123">*</from-activity-id>
      <control-flow-case id="__122">
        <from-outcome id="__124">refreshTaskFlow</from-outcome>
        <to-activity-id id="__125">taskFlowRefresh</to-activity-id>
      </control-flow-case>
    </control-flow-rule>
    <visibility id="__203">
      <url-invoke-allowed/>
    </visibility>
  </task-flow-definition>
</adfc-config>
