<?xml version="1.0" encoding="UTF-8" standalone="yes"?>
<jbi xmlns="http://java.sun.com/xml/ns/jbi" xmlns:ns1="http://j2ee.netbeans.org/wsdl/novateTrade-bpel/novateTradeWSDL" xmlns:ns2="http://enterprise.netbeans.org/bpel/novateTrade-bpel/novateTradeProcess" xmlns:ns3="http://j2ee.netbeans.org/wsdl/novateTradeClient-bpl/processNovateResponseWSDL" xmlns:ns4="http://j2ee.netbeans.org/wsdl/novateTrade-bpel/fileWSDL" version="1.0">
<service-assembly>
<identification>
<name>novateTrade-CA</name>
<description>Represents the Service Assembly of novateTrade-CA</description>
</identification>
<connections>
<connection>
<consumer endpoint-name="novateTradeWSDLPort" service-name="ns1:novateTradeWSDLService"/>
<provider endpoint-name="novateTradeWSDLPortTypeRole_myRole" service-name="ns2:plNovateTrade"/>
</connection>
<connection>
<consumer endpoint-name="processNovateResponseWSDLPortTypeRole_partnerRole" service-name="ns2:plRegistrySystem"/>
<provider endpoint-name="processNovateResponseWSDLPort" service-name="ns3:processNovateResponseWSDLService"/>
</connection>
<connection>
<consumer endpoint-name="FileOutboundPortTypeRole_partnerRole" service-name="ns2:plFile"/>
<provider endpoint-name="fileWSDL_OutboundPort" service-name="ns4:FileOutboundService"/>
</connection>
</connections>
</service-assembly>
</jbi>
