<?xml version="1.0" encoding="UTF-8" ?>
<!-- Generated by Oracle SOA Modeler version 1.0 at [6/14/12 5:32 PM]. -->
<composite name="Bobo"
           revision="2.14"
           label="2012-06-14_17-32-13_389"
           mode="active"
           state="on"
           xmlns="http://xmlns.oracle.com/sca/1.0"
           xmlns:xs="http://www.w3.org/2001/XMLSchema"
           xmlns:wsp="http://schemas.xmlsoap.org/ws/2004/09/policy"
           xmlns:orawsp="http://schemas.oracle.com/ws/2006/01/policy"
           xmlns:ui="http://xmlns.oracle.com/soa/designer/">
  <import namespace="http://xmlns.oracle.com/bpmn/bpmnProcess/Process"
          location="Process.wsdl" importType="wsdl"/>
  <import namespace="http://xmlns.oracle.com/ias/pcbpel/NotificationService"
          location="oramds:/soa/shared/workflow/NotificationService.wsdl"
          importType="wsdl"/>
  <import namespace="http://xmlns.oracle.com/bpmn/bpmnProcess/default"
          location="project_properties.wsdl" importType="wsdl"/>
  <import namespace="http://xmlns.oracle.com/bob_soa/Bobo/BPELGestionEstadoCU"
          location="BPELGestionEstadoCU.wsdl" importType="wsdl"/>
  <import namespace="http://xmlns.oracle.com/BRGestionaEstadoProducto/BRGestionaEstadoProducto_DecisionService_1"
          location="BRGestionaEstadoProducto_DecisionService_1.wsdl"
          importType="wsdl"/>
  <import namespace="http://xmlns.oracle.com/bob.soa/Bobo/bob.reporta.estado.cu"
          location="bob.reporta.estado.cu.wsdl" importType="wsdl"/>
  <import namespace="http://xmlns.oracle.com/bpmn/bpmnProcess/LucasianProDevGeneral"
          location="LucasianProDevGeneral.wsdl" importType="wsdl"/>
  <import namespace="http://xmlns.oracle.com/bpel/workflow/taskService"
          location="oramds:/soa/shared/workflow/TaskServiceInterface.wsdl"
          importType="wsdl"/>
  <import namespace="http://ifaces.cu.ws.soa.lucasian.com/"
          location="BOBServiciosUtilServiceWrapper.wsdl" importType="wsdl"/>
  <import namespace="http://xmlns.oracle.com/bob_soa/Bobo/BPELPR_GestionBOBTTR"
          location="BPELPR_GestionBOBTTR.wsdl" importType="wsdl"/>
  <import namespace="http://xmlns.oracle.com/bpmn/bpmnProcess/PruebaPRGestionBOBTTR"
          location="PruebaPRGestionBOBTTR.wsdl" importType="wsdl"/>
  <import namespace="http://xmlns.oracle.com/bpmn/bpmnProcess/LucasianProDevConcepcion"
          location="LucasianProDevConcepcion.wsdl" importType="wsdl"/>
  <import namespace="http://xmlns.oracle.com/bpmn/bpmnProcess/LucasianProDevConstruccion"
          location="LucasianProDevConstruccion.wsdl" importType="wsdl"/>
  <import namespace="http://xmlns.oracle.com/bpmn/bpmnProcess/LucasianProDevElaboracion"
          location="LucasianProDevElaboracion.wsdl" importType="wsdl"/>
  <import namespace="http://xmlns.oracle.com/bpmn/bpmnProcess/LucasianProDevTransicion"
          location="LucasianProDevTransicion.wsdl" importType="wsdl"/>
  <service name="bpelgestionestadocu_client_ep"
           ui:wsdlLocation="BPELGestionEstadoCU.wsdl">
    <interface.wsdl interface="http://xmlns.oracle.com/bob_soa/Bobo/BPELGestionEstadoCU#wsdl.interface(BPELGestionEstadoCU)"
                    callbackInterface="http://xmlns.oracle.com/bob_soa/Bobo/BPELGestionEstadoCU#wsdl.interface(BPELGestionEstadoCUCallback)"/>
    <binding.ws port="http://xmlns.oracle.com/bob_soa/Bobo/BPELGestionEstadoCU#wsdl.endpoint(bpelgestionestadocu_client_ep/BPELGestionEstadoCU_pt)">
    </binding.ws>
    <callback>
      <binding.ws port="http://xmlns.oracle.com/bob_soa/Bobo/BPELGestionEstadoCU#wsdl.endpoint(bpelgestionestadocu_client_ep/BPELGestionEstadoCUCallback_pt)">
      </binding.ws>
    </callback>
  </service>
  <service name="bob.reporta.estado.cu_ep"
           ui:wsdlLocation="bob.reporta.estado.cu.wsdl">
    <interface.wsdl interface="http://xmlns.oracle.com/bob.soa/Bobo/bob.reporta.estado.cu#wsdl.interface(execute_ptt)"/>
    <binding.ws port="http://xmlns.oracle.com/bob.soa/Bobo/bob.reporta.estado.cu#wsdl.endpoint(bob.reporta.estado.cu_ep/execute_pt)">
    </binding.ws>   
  </service>
  <service name="gestionBOBTTRInicioTarea_ep"
           ui:wsdlLocation="BPELPR_GestionBOBTTR.wsdl">
    <interface.wsdl interface="http://xmlns.oracle.com/bob_soa/Bobo/BPELPR_GestionBOBTTR#wsdl.interface(BPELPR_GestionBOBTTR)"
                    callbackInterface="http://xmlns.oracle.com/bob_soa/Bobo/BPELPR_GestionBOBTTR#wsdl.interface(BPELPR_GestionBOBTTRCallback)"/>
    <binding.ws port="http://xmlns.oracle.com/bob_soa/Bobo/BPELPR_GestionBOBTTR#wsdl.endpoint(gestionBOBTTRInicioTarea_ep/BPELPR_GestionBOBTTR_pt)"/>
    <callback>
      <binding.ws port="http://xmlns.oracle.com/bob_soa/Bobo/BPELPR_GestionBOBTTR#wsdl.endpoint(gestionBOBTTRInicioTarea_ep/BPELPR_GestionBOBTTRCallback_pt)"/>
    </callback>
  </service>
  <service name="PruebaPRGestionBOBTTR.service"
           ui:wsdlLocation="PruebaPRGestionBOBTTR.wsdl">
    <interface.wsdl interface="http://xmlns.oracle.com/bpmn/bpmnProcess/PruebaPRGestionBOBTTR#wsdl.interface(PruebaPRGestionBOBTTRPortType)"
                    callbackInterface="http://xmlns.oracle.com/bpmn/bpmnProcess/PruebaPRGestionBOBTTR#wsdl.interface(PruebaPRGestionBOBTTRPortTypeCallBack)"/>
    <binding.ws port="http://xmlns.oracle.com/bpmn/bpmnProcess/PruebaPRGestionBOBTTR#wsdl.endpoint(PruebaPRGestionBOBTTR.service/PruebaPRGestionBOBTTRPort)"/>
    <callback>
      <binding.ws port="http://xmlns.oracle.com/bpmn/bpmnProcess/PruebaPRGestionBOBTTR#wsdl.endpoint(PruebaPRGestionBOBTTR.service/PruebaPRGestionBOBTTRPortTypeCallBack_pt)"/>
    </callback>
  </service>
  <service name="LucasianProDevConstruccion.service"
           ui:wsdlLocation="LucasianProDevConstruccion.wsdl">
    <interface.wsdl interface="http://xmlns.oracle.com/bpmn/bpmnProcess/LucasianProDevConstruccion#wsdl.interface(LucasianProDevConstruccionPortType)"
                    callbackInterface="http://xmlns.oracle.com/bpmn/bpmnProcess/LucasianProDevConstruccion#wsdl.interface(LucasianProDevConstruccionPortTypeCallBack)"/>
    <binding.ws port="http://xmlns.oracle.com/bpmn/bpmnProcess/LucasianProDevConstruccion#wsdl.endpoint(LucasianProDevConstruccion.service/LucasianProDevConstruccionPort)"/>
    <callback>
      <binding.ws port="http://xmlns.oracle.com/bpmn/bpmnProcess/LucasianProDevConstruccion#wsdl.endpoint(LucasianProDevConstruccion.service/LucasianProDevConstruccionPortTypeCallBack_pt)"/>
    </callback>
  </service>
  <service name="LucasianProDevElaboracion.service"
           ui:wsdlLocation="LucasianProDevElaboracion.wsdl">
    <interface.wsdl interface="http://xmlns.oracle.com/bpmn/bpmnProcess/LucasianProDevElaboracion#wsdl.interface(LucasianProDevElaboracionPortType)"
                    callbackInterface="http://xmlns.oracle.com/bpmn/bpmnProcess/LucasianProDevElaboracion#wsdl.interface(LucasianProDevElaboracionPortTypeCallBack)"/>
    <binding.ws port="http://xmlns.oracle.com/bpmn/bpmnProcess/LucasianProDevElaboracion#wsdl.endpoint(LucasianProDevElaboracion.service/LucasianProDevElaboracionPort)"/>
    <callback>
      <binding.ws port="http://xmlns.oracle.com/bpmn/bpmnProcess/LucasianProDevElaboracion#wsdl.endpoint(LucasianProDevElaboracion.service/LucasianProDevElaboracionPortTypeCallBack_pt)"/>
    </callback>
  </service>
  <service name="LucasianProDevTransicion.service"
           ui:wsdlLocation="LucasianProDevTransicion.wsdl">
    <interface.wsdl interface="http://xmlns.oracle.com/bpmn/bpmnProcess/LucasianProDevTransicion#wsdl.interface(LucasianProDevTransicionPortType)"
                    callbackInterface="http://xmlns.oracle.com/bpmn/bpmnProcess/LucasianProDevTransicion#wsdl.interface(LucasianProDevTransicionPortTypeCallBack)"/>
    <binding.ws port="http://xmlns.oracle.com/bpmn/bpmnProcess/LucasianProDevTransicion#wsdl.endpoint(LucasianProDevTransicion.service/LucasianProDevTransicionPort)"/>
    <callback>
      <binding.ws port="http://xmlns.oracle.com/bpmn/bpmnProcess/LucasianProDevTransicion#wsdl.endpoint(LucasianProDevTransicion.service/LucasianProDevTransicionPortTypeCallBack_pt)"/>
    </callback>
  </service>
  <service name="Process.service" ui:wsdlLocation="Process.wsdl">
    <interface.wsdl interface="http://xmlns.oracle.com/bpmn/bpmnProcess/Process#wsdl.interface(ProcessPortType)"
                    callbackInterface="http://xmlns.oracle.com/bpmn/bpmnProcess/Process#wsdl.interface(ProcessPortTypeCallBack)"/>
    <binding.ws port="http://xmlns.oracle.com/bpmn/bpmnProcess/Process#wsdl.endpoint(Process.service/ProcessPort)"/>
    <callback>
      <binding.ws port="http://xmlns.oracle.com/bpmn/bpmnProcess/Process#wsdl.endpoint(Process.service/ProcessPortTypeCallBack_pt)"/>
    </callback>
  </service>
  <service name="LucasianProDevConcepcion.service" ui:wsdlLocation="LucasianProDevConcepcion.wsdl">
    <interface.wsdl interface="http://xmlns.oracle.com/bpmn/bpmnProcess/LucasianProDevConcepcion#wsdl.interface(LucasianProDevConcepcionPortType)"
                    callbackInterface="http://xmlns.oracle.com/bpmn/bpmnProcess/LucasianProDevConcepcion#wsdl.interface(LucasianProDevConcepcionPortTypeCallBack)"/>
    <binding.ws port="http://xmlns.oracle.com/bpmn/bpmnProcess/LucasianProDevConcepcion#wsdl.endpoint(LucasianProDevConcepcion.service/LucasianProDevConcepcionPort)"/>
    <callback>
      <binding.ws port="http://xmlns.oracle.com/bpmn/bpmnProcess/LucasianProDevConcepcion#wsdl.endpoint(LucasianProDevConcepcion.service/LucasianProDevConcepcionPortTypeCallBack_pt)"/>
    </callback>
  </service>
  <service name="LucasianProDevGeneral.service" ui:wsdlLocation="LucasianProDevGeneral.wsdl">
    <interface.wsdl interface="http://xmlns.oracle.com/bpmn/bpmnProcess/LucasianProDevGeneral#wsdl.interface(LucasianProDevGeneralPortType)"
                    callbackInterface="http://xmlns.oracle.com/bpmn/bpmnProcess/LucasianProDevGeneral#wsdl.interface(LucasianProDevGeneralPortTypeCallBack)"/>
    <binding.ws port="http://xmlns.oracle.com/bpmn/bpmnProcess/LucasianProDevGeneral#wsdl.endpoint(LucasianProDevGeneral.service/LucasianProDevGeneralPort)"/>
    <callback>
      <binding.ws port="http://xmlns.oracle.com/bpmn/bpmnProcess/LucasianProDevGeneral#wsdl.endpoint(LucasianProDevGeneral.service/LucasianProDevGeneralPortTypeCallBack_pt)"/>
    </callback>
  </service>
  <property name="originalProductVersion" type="xs:string" many="false">11.0.0.0.0</property>
  <property name="productVersion" type="xs:string" many="false">12.1.3.0.0</property>
  <property name="compositeID" type="xs:string" many="false">d09a4c4d-65d9-4222-b0bd-3ba0a132831c</property>
  <component name="Process">
    <implementation.bpmn src="processes/Process.bpmn"/>
    <componentType xmlns="http://xmlns.oracle.com/sca/1.0" xmlns:xs="http://www.w3.org/2001/XMLSchema"
                   xmlns:ui="http://xmlns.oracle.com/soa/designer/">
      <service name="Process.service" ui:wsdlLocation="Process.wsdl">
        <interface.wsdl interface="http://xmlns.oracle.com/bpmn/bpmnProcess/Process#wsdl.interface(ProcessPortType)"
                        callbackInterface="http://xmlns.oracle.com/bpmn/bpmnProcess/Process#wsdl.interface(ProcessPortTypeCallBack)"/>
        <property name="bpm.generated.service.reference" type="xs:string" many="false">Process.service</property>
      </service>
      <reference name="NotificationService.ABSTRACT_ACTIVITY3812237930523"
                 ui:wsdlLocation="oramds:/soa/shared/workflow/NotificationService.wsdl">
        <interface.wsdl interface="http://xmlns.oracle.com/ias/pcbpel/NotificationService#wsdl.interface(NotificationService)"/>
      </reference>
      <reference name="Services.BPEL.BPELGestionEstadoCU.Bpelgestionestadocu_client.reference"
                 ui:wsdlLocation="BPELGestionEstadoCU.wsdl">
        <interface.wsdl interface="http://xmlns.oracle.com/bob_soa/Bobo/BPELGestionEstadoCU#wsdl.interface(BPELGestionEstadoCU)"
                        callbackInterface="http://xmlns.oracle.com/bob_soa/Bobo/BPELGestionEstadoCU#wsdl.interface(BPELGestionEstadoCUCallback)"/>
      </reference>
    </componentType>
  </component>
  <component name="BPELGestionEstadoCU" version="1.1">
    <implementation.bpel src="BPELGestionEstadoCU.bpel"/>
    <componentType xmlns="http://xmlns.oracle.com/sca/1.0" xmlns:xs="http://www.w3.org/2001/XMLSchema"
                   xmlns:ui="http://xmlns.oracle.com/soa/designer/">
      <service name="bpelgestionestadocu_client" ui:wsdlLocation="BPELGestionEstadoCU.wsdl">
        <interface.wsdl interface="http://xmlns.oracle.com/bob_soa/Bobo/BPELGestionEstadoCU#wsdl.interface(BPELGestionEstadoCU)"
                        callbackInterface="http://xmlns.oracle.com/bob_soa/Bobo/BPELGestionEstadoCU#wsdl.interface(BPELGestionEstadoCUCallback)"/>
      </service>
      <reference name="BRGestionaEstadoProducto.BRGestionaEstadoProducto_DecisionService_1"
                 ui:wsdlLocation="BRGestionaEstadoProducto_DecisionService_1.wsdl">
        <interface.wsdl interface="http://xmlns.oracle.com/BRGestionaEstadoProducto/BRGestionaEstadoProducto_DecisionService_1#wsdl.interface(IDecisionService)"/>
      </reference>
      <reference name="PLBOBServiciosUtil" ui:wsdlLocation="BOBServiciosUtilServiceWrapper.wsdl">
        <interface.wsdl interface="http://ifaces.cu.ws.soa.lucasian.com/#wsdl.interface(IBOBServiciosUtil)"/>
      </reference>
    </componentType>
    <property name="bpel.config.oneWayDeliveryPolicy" type="xs:string"
              many="false">async.persist</property>
    <property name="configuration.monitorLocation" type="xs:string"
              many="false">BPELGestionEstadoCU.monitor</property>
    <property name="configuration.sensorLocation" type="xs:string" many="false">BPELGestionEstadoCU_sensor.xml</property>
    <property name="configuration.sensorActionLocation" type="xs:string"
              many="false">BPELGestionEstadoCU_sensorAction.xml</property>
  </component>
  <component name="BRGestionaEstadoProducto">
    <implementation.decision src="BRGestionaEstadoProducto.decs"/>
    <componentType xmlns="http://xmlns.oracle.com/sca/1.0" xmlns:xs="http://www.w3.org/2001/XMLSchema"
                   xmlns:ui="http://xmlns.oracle.com/soa/designer/">
      <service name="BRGestionaEstadoProducto_DecisionService_1"
               ui:wsdlLocation="BRGestionaEstadoProducto_DecisionService_1.wsdl">
        <interface.wsdl interface="http://xmlns.oracle.com/BRGestionaEstadoProducto/BRGestionaEstadoProducto_DecisionService_1#wsdl.interface(IDecisionService)"/>
      </service>
    </componentType>
  </component>
  <component name="bob.reporta.estado.cu">
    <implementation.mediator src="bob.reporta.estado.cu.mplan"/>
    <componentType xmlns="http://xmlns.oracle.com/sca/1.0" xmlns:xs="http://www.w3.org/2001/XMLSchema"
                   xmlns:ui="http://xmlns.oracle.com/soa/designer/">
      <service name="bob.reporta.estado.cu" ui:wsdlLocation="bob.reporta.estado.cu.wsdl">
        <interface.wsdl interface="http://xmlns.oracle.com/bob.soa/Bobo/bob.reporta.estado.cu#wsdl.interface(execute_ptt)"/>
      </service>
      <reference name="BPELGestionEstadoCU.bpelgestionestadocu_client" ui:wsdlLocation="BPELGestionEstadoCU.wsdl">
        <interface.wsdl interface="http://xmlns.oracle.com/bob_soa/Bobo/BPELGestionEstadoCU#wsdl.interface(BPELGestionEstadoCU)"
                        callbackInterface="http://xmlns.oracle.com/bob_soa/Bobo/BPELGestionEstadoCU#wsdl.interface(BPELGestionEstadoCUCallback)"/>
      </reference>
    </componentType>
  </component>
  <component name="LucasianProDevGeneral">
    <implementation.bpmn src="processes/LucasianProDevGeneral.bpmn"/>
    <componentType xmlns="http://xmlns.oracle.com/sca/1.0" xmlns:xs="http://www.w3.org/2001/XMLSchema"
                   xmlns:ui="http://xmlns.oracle.com/soa/designer/">
      <service name="LucasianProDevGeneral.service" ui:wsdlLocation="LucasianProDevGeneral.wsdl">
        <interface.wsdl interface="http://xmlns.oracle.com/bpmn/bpmnProcess/LucasianProDevGeneral#wsdl.interface(LucasianProDevGeneralPortType)"
                        callbackInterface="http://xmlns.oracle.com/bpmn/bpmnProcess/LucasianProDevGeneral#wsdl.interface(LucasianProDevGeneralPortTypeCallBack)"/>
        <property name="bpm.generated.service.reference" type="xs:string" many="false">LucasianProDevGeneral.service</property>
      </service>
      <reference name="LucasianProDevConcepcion.reference" ui:wsdlLocation="LucasianProDevConcepcion.wsdl">
        <interface.wsdl interface="http://xmlns.oracle.com/bpmn/bpmnProcess/LucasianProDevConcepcion#wsdl.interface(LucasianProDevConcepcionPortType)"
                        callbackInterface="http://xmlns.oracle.com/bpmn/bpmnProcess/LucasianProDevConcepcion#wsdl.interface(LucasianProDevConcepcionPortTypeCallBack)"/>
      </reference>
      <reference name="HumanTasks.HTLucasianProDevIterarDeNuevoEnFase.reference"
                 ui:wsdlLocation="oramds:/soa/shared/workflow/TaskServiceInterface.wsdl">
        <interface.wsdl interface="http://xmlns.oracle.com/bpel/workflow/taskService#wsdl.interface(TaskService)"
                        callbackInterface="http://xmlns.oracle.com/bpel/workflow/taskService#wsdl.interface(TaskServiceCallback)"/>
      </reference>
      <reference name="LucasianProDevElaboracion.reference" ui:wsdlLocation="LucasianProDevElaboracion.wsdl">
        <interface.wsdl interface="http://xmlns.oracle.com/bpmn/bpmnProcess/LucasianProDevElaboracion#wsdl.interface(LucasianProDevElaboracionPortType)"
                        callbackInterface="http://xmlns.oracle.com/bpmn/bpmnProcess/LucasianProDevElaboracion#wsdl.interface(LucasianProDevElaboracionPortTypeCallBack)"/>
      </reference>
      <reference name="LucasianProDevConstruccion.reference" ui:wsdlLocation="LucasianProDevConstruccion.wsdl">
        <interface.wsdl interface="http://xmlns.oracle.com/bpmn/bpmnProcess/LucasianProDevConstruccion#wsdl.interface(LucasianProDevConstruccionPortType)"
                        callbackInterface="http://xmlns.oracle.com/bpmn/bpmnProcess/LucasianProDevConstruccion#wsdl.interface(LucasianProDevConstruccionPortTypeCallBack)"/>
      </reference>
      <reference name="LucasianProDevTransicion.reference" ui:wsdlLocation="LucasianProDevTransicion.wsdl">
        <interface.wsdl interface="http://xmlns.oracle.com/bpmn/bpmnProcess/LucasianProDevTransicion#wsdl.interface(LucasianProDevTransicionPortType)"
                        callbackInterface="http://xmlns.oracle.com/bpmn/bpmnProcess/LucasianProDevTransicion#wsdl.interface(LucasianProDevTransicionPortTypeCallBack)"/>
      </reference>
    </componentType>
  </component>
  <component name="HTLucasianProDevIterarDeNuevoEnFase">
    <implementation.workflow src="HTLucasianProDevIterarDeNuevoEnFase.task"/>
    <componentType xmlns="http://xmlns.oracle.com/sca/1.0" xmlns:xs="http://www.w3.org/2001/XMLSchema"
                   xmlns:ui="http://xmlns.oracle.com/soa/designer/">
      <service name="TaskService" ui:wsdlLocation="oramds:/soa/shared/workflow/TaskServiceInterface.wsdl">
        <interface.wsdl interface="http://xmlns.oracle.com/bpel/workflow/taskService#wsdl.interface(TaskService)"
                        callbackInterface="http://xmlns.oracle.com/bpel/workflow/taskService#wsdl.interface(TaskServiceCallback)"/>
      </service>
    </componentType>
  </component>
  <component name="BPELPR_GestionBOBTTR" version="1.1">
    <implementation.bpel src="BPELPR_GestionBOBTTR.bpel"/>
    <componentType xmlns="http://xmlns.oracle.com/sca/1.0" xmlns:xs="http://www.w3.org/2001/XMLSchema"
                   xmlns:ui="http://xmlns.oracle.com/soa/designer/">
      <service name="gestionBOBTTRInicioTarea" ui:wsdlLocation="BPELPR_GestionBOBTTR.wsdl">
        <interface.wsdl interface="http://xmlns.oracle.com/bob_soa/Bobo/BPELPR_GestionBOBTTR#wsdl.interface(BPELPR_GestionBOBTTR)"
                        callbackInterface="http://xmlns.oracle.com/bob_soa/Bobo/BPELPR_GestionBOBTTR#wsdl.interface(BPELPR_GestionBOBTTRCallback)"/>
      </service>
    </componentType>
    <property name="bpel.config.oneWayDeliveryPolicy" type="xs:string"
              many="false">async.persist</property>
  </component>
  <component name="PruebaPRGestionBOBTTR">
    <implementation.bpmn src="processes/PruebaPRGestionBOBTTR.bpmn"/>
    <componentType xmlns="http://xmlns.oracle.com/sca/1.0" xmlns:xs="http://www.w3.org/2001/XMLSchema"
                   xmlns:ui="http://xmlns.oracle.com/soa/designer/">
      <service name="PruebaPRGestionBOBTTR.service" ui:wsdlLocation="PruebaPRGestionBOBTTR.wsdl">
        <interface.wsdl interface="http://xmlns.oracle.com/bpmn/bpmnProcess/PruebaPRGestionBOBTTR#wsdl.interface(PruebaPRGestionBOBTTRPortType)"
                        callbackInterface="http://xmlns.oracle.com/bpmn/bpmnProcess/PruebaPRGestionBOBTTR#wsdl.interface(PruebaPRGestionBOBTTRPortTypeCallBack)"/>
        <property name="bpm.generated.service.reference" type="xs:string" many="false">PruebaPRGestionBOBTTR.service</property>
      </service>
      <reference name="Services.BPEL.BPELPR_GestionBOBTTR.GestionBOBTTRInicioTarea.reference"
                 ui:wsdlLocation="BPELPR_GestionBOBTTR.wsdl">
        <interface.wsdl interface="http://xmlns.oracle.com/bob_soa/Bobo/BPELPR_GestionBOBTTR#wsdl.interface(BPELPR_GestionBOBTTR)"
                        callbackInterface="http://xmlns.oracle.com/bob_soa/Bobo/BPELPR_GestionBOBTTR#wsdl.interface(BPELPR_GestionBOBTTRCallback)"/>
      </reference>
      <reference name="HumanTasks.HTLucasianProDevTarea.reference"
                 ui:wsdlLocation="oramds:/soa/shared/workflow/TaskServiceInterface.wsdl">
        <interface.wsdl interface="http://xmlns.oracle.com/bpel/workflow/taskService#wsdl.interface(TaskService)"
                        callbackInterface="http://xmlns.oracle.com/bpel/workflow/taskService#wsdl.interface(TaskServiceCallback)"/>
      </reference>
    </componentType>
  </component>
  <component name="LucasianProDevCrearPlanDeProyecto">
    <implementation.workflow src="LucasianProDevCrearPlanDeProyecto.task"/>
    <componentType xmlns="http://xmlns.oracle.com/sca/1.0" xmlns:xs="http://www.w3.org/2001/XMLSchema"
                   xmlns:ui="http://xmlns.oracle.com/soa/designer/">
      <service name="TaskService" ui:wsdlLocation="oramds:/soa/shared/workflow/TaskServiceInterface.wsdl">
        <interface.wsdl interface="http://xmlns.oracle.com/bpel/workflow/taskService#wsdl.interface(TaskService)"
                        callbackInterface="http://xmlns.oracle.com/bpel/workflow/taskService#wsdl.interface(TaskServiceCallback)"/>
      </service>
    </componentType>
  </component>
  <component name="HTLucasianProDevTarea">
    <implementation.workflow src="HTLucasianProDevTarea.task"/>
    <componentType xmlns="http://xmlns.oracle.com/sca/1.0" xmlns:xs="http://www.w3.org/2001/XMLSchema"
                   xmlns:ui="http://xmlns.oracle.com/soa/designer/">
      <service name="TaskService" ui:wsdlLocation="oramds:/soa/shared/workflow/TaskServiceInterface.wsdl">
        <interface.wsdl interface="http://xmlns.oracle.com/bpel/workflow/taskService#wsdl.interface(TaskService)"
                        callbackInterface="http://xmlns.oracle.com/bpel/workflow/taskService#wsdl.interface(TaskServiceCallback)"/>
      </service>
    </componentType>
  </component>
  <component name="LucasianProDevConcepcion">
    <implementation.bpmn src="processes/LucasianProDevConcepcion.bpmn"/>
    <componentType xmlns="http://xmlns.oracle.com/sca/1.0" xmlns:xs="http://www.w3.org/2001/XMLSchema"
                   xmlns:ui="http://xmlns.oracle.com/soa/designer/">
      <service name="LucasianProDevConcepcion.service" ui:wsdlLocation="LucasianProDevConcepcion.wsdl">
        <interface.wsdl interface="http://xmlns.oracle.com/bpmn/bpmnProcess/LucasianProDevConcepcion#wsdl.interface(LucasianProDevConcepcionPortType)"
                        callbackInterface="http://xmlns.oracle.com/bpmn/bpmnProcess/LucasianProDevConcepcion#wsdl.interface(LucasianProDevConcepcionPortTypeCallBack)"/>
        <property name="bpm.generated.service.reference" type="xs:string" many="false">LucasianProDevConcepcion.service</property>
      </service>
      <reference name="Services.BPEL.BPELPR_GestionBOBTTR.GestionBOBTTRInicioTarea.reference"
                 ui:wsdlLocation="BPELPR_GestionBOBTTR.wsdl">
        <interface.wsdl interface="http://xmlns.oracle.com/bob_soa/Bobo/BPELPR_GestionBOBTTR#wsdl.interface(BPELPR_GestionBOBTTR)"
                        callbackInterface="http://xmlns.oracle.com/bob_soa/Bobo/BPELPR_GestionBOBTTR#wsdl.interface(BPELPR_GestionBOBTTRCallback)"/>
      </reference>
      <reference name="HumanTasks.HTLucasianProDevTarea.reference"
                 ui:wsdlLocation="oramds:/soa/shared/workflow/TaskServiceInterface.wsdl">
        <interface.wsdl interface="http://xmlns.oracle.com/bpel/workflow/taskService#wsdl.interface(TaskService)"
                        callbackInterface="http://xmlns.oracle.com/bpel/workflow/taskService#wsdl.interface(TaskServiceCallback)"/>
      </reference>
      <reference name="HumanTasks.LucasianProDevCrearPlanDeProyecto.reference"
                 ui:wsdlLocation="oramds:/soa/shared/workflow/TaskServiceInterface.wsdl">
        <interface.wsdl interface="http://xmlns.oracle.com/bpel/workflow/taskService#wsdl.interface(TaskService)"
                        callbackInterface="http://xmlns.oracle.com/bpel/workflow/taskService#wsdl.interface(TaskServiceCallback)"/>
      </reference>
    </componentType>
  </component>
  <component name="LucasianProDevConstruccion">
    <implementation.bpmn src="processes/LucasianProDevConstruccion.bpmn"/>
    <componentType xmlns="http://xmlns.oracle.com/sca/1.0" xmlns:xs="http://www.w3.org/2001/XMLSchema"
                   xmlns:ui="http://xmlns.oracle.com/soa/designer/">
      <service name="LucasianProDevConstruccion.service" ui:wsdlLocation="LucasianProDevConstruccion.wsdl">
        <interface.wsdl interface="http://xmlns.oracle.com/bpmn/bpmnProcess/LucasianProDevConstruccion#wsdl.interface(LucasianProDevConstruccionPortType)"
                        callbackInterface="http://xmlns.oracle.com/bpmn/bpmnProcess/LucasianProDevConstruccion#wsdl.interface(LucasianProDevConstruccionPortTypeCallBack)"/>
        <property name="bpm.generated.service.reference" type="xs:string" many="false">LucasianProDevConstruccion.service</property>
      </service>
      <reference name="Services.BPEL.BPELPR_GestionBOBTTR.GestionBOBTTRInicioTarea.reference"
                 ui:wsdlLocation="BPELPR_GestionBOBTTR.wsdl">
        <interface.wsdl interface="http://xmlns.oracle.com/bob_soa/Bobo/BPELPR_GestionBOBTTR#wsdl.interface(BPELPR_GestionBOBTTR)"
                        callbackInterface="http://xmlns.oracle.com/bob_soa/Bobo/BPELPR_GestionBOBTTR#wsdl.interface(BPELPR_GestionBOBTTRCallback)"/>
      </reference>
      <reference name="HumanTasks.HTLucasianProDevTarea.reference"
                 ui:wsdlLocation="oramds:/soa/shared/workflow/TaskServiceInterface.wsdl">
        <interface.wsdl interface="http://xmlns.oracle.com/bpel/workflow/taskService#wsdl.interface(TaskService)"
                        callbackInterface="http://xmlns.oracle.com/bpel/workflow/taskService#wsdl.interface(TaskServiceCallback)"/>
      </reference>
    </componentType>
  </component>
  <component name="LucasianProDevElaboracion">
    <implementation.bpmn src="processes/LucasianProDevElaboracion.bpmn"/>
    <componentType xmlns="http://xmlns.oracle.com/sca/1.0" xmlns:xs="http://www.w3.org/2001/XMLSchema"
                   xmlns:ui="http://xmlns.oracle.com/soa/designer/">
      <service name="LucasianProDevElaboracion.service" ui:wsdlLocation="LucasianProDevElaboracion.wsdl">
        <interface.wsdl interface="http://xmlns.oracle.com/bpmn/bpmnProcess/LucasianProDevElaboracion#wsdl.interface(LucasianProDevElaboracionPortType)"
                        callbackInterface="http://xmlns.oracle.com/bpmn/bpmnProcess/LucasianProDevElaboracion#wsdl.interface(LucasianProDevElaboracionPortTypeCallBack)"/>
        <property name="bpm.generated.service.reference" type="xs:string" many="false">LucasianProDevElaboracion.service</property>
      </service>
      <reference name="Services.BPEL.BPELPR_GestionBOBTTR.GestionBOBTTRInicioTarea.reference"
                 ui:wsdlLocation="BPELPR_GestionBOBTTR.wsdl">
        <interface.wsdl interface="http://xmlns.oracle.com/bob_soa/Bobo/BPELPR_GestionBOBTTR#wsdl.interface(BPELPR_GestionBOBTTR)"
                        callbackInterface="http://xmlns.oracle.com/bob_soa/Bobo/BPELPR_GestionBOBTTR#wsdl.interface(BPELPR_GestionBOBTTRCallback)"/>
      </reference>
      <reference name="HumanTasks.HTLucasianProDevTarea.reference"
                 ui:wsdlLocation="oramds:/soa/shared/workflow/TaskServiceInterface.wsdl">
        <interface.wsdl interface="http://xmlns.oracle.com/bpel/workflow/taskService#wsdl.interface(TaskService)"
                        callbackInterface="http://xmlns.oracle.com/bpel/workflow/taskService#wsdl.interface(TaskServiceCallback)"/>
      </reference>
    </componentType>
  </component>
  <component name="LucasianProDevTransicion">
    <implementation.bpmn src="processes/LucasianProDevTransicion.bpmn"/>
    <componentType xmlns="http://xmlns.oracle.com/sca/1.0" xmlns:xs="http://www.w3.org/2001/XMLSchema"
                   xmlns:ui="http://xmlns.oracle.com/soa/designer/">
      <service name="LucasianProDevTransicion.service" ui:wsdlLocation="LucasianProDevTransicion.wsdl">
        <interface.wsdl interface="http://xmlns.oracle.com/bpmn/bpmnProcess/LucasianProDevTransicion#wsdl.interface(LucasianProDevTransicionPortType)"
                        callbackInterface="http://xmlns.oracle.com/bpmn/bpmnProcess/LucasianProDevTransicion#wsdl.interface(LucasianProDevTransicionPortTypeCallBack)"/>
        <property name="bpm.generated.service.reference" type="xs:string" many="false">LucasianProDevTransicion.service</property>
      </service>
      <reference name="Services.BPEL.BPELPR_GestionBOBTTR.GestionBOBTTRInicioTarea.reference"
                 ui:wsdlLocation="BPELPR_GestionBOBTTR.wsdl">
        <interface.wsdl interface="http://xmlns.oracle.com/bob_soa/Bobo/BPELPR_GestionBOBTTR#wsdl.interface(BPELPR_GestionBOBTTR)"
                        callbackInterface="http://xmlns.oracle.com/bob_soa/Bobo/BPELPR_GestionBOBTTR#wsdl.interface(BPELPR_GestionBOBTTRCallback)"/>
      </reference>
      <reference name="HumanTasks.HTLucasianProDevTarea.reference"
                 ui:wsdlLocation="oramds:/soa/shared/workflow/TaskServiceInterface.wsdl">
        <interface.wsdl interface="http://xmlns.oracle.com/bpel/workflow/taskService#wsdl.interface(TaskService)"
                        callbackInterface="http://xmlns.oracle.com/bpel/workflow/taskService#wsdl.interface(TaskServiceCallback)"/>
      </reference>
    </componentType>
  </component>
  <reference name="BPM-NotificationService"
             ui:wsdlLocation="oramds:/soa/shared/workflow/NotificationService.wsdl">
    <interface.wsdl interface="http://xmlns.oracle.com/ias/pcbpel/NotificationService#wsdl.interface(NotificationService)"/>
    <binding.wsif port="http://xmlns.oracle.com/ias/pcbpel/NotificationService#wsdl.endpoint(NotificationService/JavaPort)"
                  location="oramds:/soa/shared/workflow/NotificationService.wsdl"/>
  </reference>
  <reference name="PLBOBServiciosUtil"
             ui:wsdlLocation="BOBServiciosUtilServiceWrapper.wsdl">
    <interface.wsdl interface="http://ifaces.cu.ws.soa.lucasian.com/#wsdl.interface(IBOBServiciosUtil)"/>
    <binding.ws port="http://action.cu.ws.soa.lucasian.com/#wsdl.endpoint(BOBServiciosUtilService/BOBServiciosUtilPort)"
                location="BOBServiciosUtilServiceWrapper.wsdl"
                soapVersion="1.1"/>
  </reference>
  <wire>
    <source.uri>Process/NotificationService.ABSTRACT_ACTIVITY3812237930523</source.uri>
    <target.uri>BPM-NotificationService</target.uri>
  </wire>
  <wire>
    <source.uri>bpelgestionestadocu_client_ep</source.uri>
    <target.uri>BPELGestionEstadoCU/bpelgestionestadocu_client</target.uri>
  </wire>
  <wire>
    <source.uri>Process/Services.BPEL.BPELGestionEstadoCU.Bpelgestionestadocu_client.reference</source.uri>
    <target.uri>BPELGestionEstadoCU/bpelgestionestadocu_client</target.uri>
  </wire>
  <wire>
    <source.uri>BPELGestionEstadoCU/BRGestionaEstadoProducto.BRGestionaEstadoProducto_DecisionService_1</source.uri>
    <target.uri>BRGestionaEstadoProducto/BRGestionaEstadoProducto_DecisionService_1</target.uri>
  </wire>
  <wire>
    <source.uri>bob.reporta.estado.cu_ep</source.uri>
    <target.uri>bob.reporta.estado.cu/bob.reporta.estado.cu</target.uri>
  </wire>
  <wire>
    <source.uri>bob.reporta.estado.cu/BPELGestionEstadoCU.bpelgestionestadocu_client</source.uri>
    <target.uri>BPELGestionEstadoCU/bpelgestionestadocu_client</target.uri>
  </wire>
  <wire>
    <source.uri>BPELGestionEstadoCU/PLBOBServiciosUtil</source.uri>
    <target.uri>PLBOBServiciosUtil</target.uri>
  </wire>
  <wire>
    <source.uri>gestionBOBTTRInicioTarea_ep</source.uri>
    <target.uri>BPELPR_GestionBOBTTR/gestionBOBTTRInicioTarea</target.uri>
  </wire>
  
  <wire>
    <source.uri>PruebaPRGestionBOBTTR/Services.BPEL.BPELPR_GestionBOBTTR.GestionBOBTTRInicioTarea.reference</source.uri>
    <target.uri>BPELPR_GestionBOBTTR/gestionBOBTTRInicioTarea</target.uri>
  </wire>
  
  <wire>
    <source.uri>PruebaPRGestionBOBTTR/HumanTasks.HTLucasianProDevTarea.reference</source.uri>
    <target.uri>HTLucasianProDevTarea/TaskService</target.uri>
  </wire>
  <wire>
    <source.uri>LucasianProDevConcepcion/Services.BPEL.BPELPR_GestionBOBTTR.GestionBOBTTRInicioTarea.reference</source.uri>
    <target.uri>BPELPR_GestionBOBTTR/gestionBOBTTRInicioTarea</target.uri>
  </wire>
  <wire>
    <source.uri>LucasianProDevConcepcion/HumanTasks.HTLucasianProDevTarea.reference</source.uri>
    <target.uri>HTLucasianProDevTarea/TaskService</target.uri>
  </wire>
  <wire>
    <source.uri>LucasianProDevGeneral/LucasianProDevConcepcion.reference</source.uri>
    <target.uri>LucasianProDevConcepcion/LucasianProDevConcepcion.service</target.uri>
  </wire>
  <wire>
    <source.uri>LucasianProDevGeneral/HumanTasks.HTLucasianProDevIterarDeNuevoEnFase.reference</source.uri>
    <target.uri>HTLucasianProDevIterarDeNuevoEnFase/TaskService</target.uri>
  </wire>
  <wire>
    <source.uri>LucasianProDevConcepcion/HumanTasks.LucasianProDevCrearPlanDeProyecto.reference</source.uri>
    <target.uri>LucasianProDevCrearPlanDeProyecto/TaskService</target.uri>
  </wire>
  <wire>
    <source.uri>PruebaPRGestionBOBTTR.service</source.uri>
    <target.uri>PruebaPRGestionBOBTTR/PruebaPRGestionBOBTTR.service</target.uri>
  </wire>
  <wire>
    <source.uri>LucasianProDevConstruccion/Services.BPEL.BPELPR_GestionBOBTTR.GestionBOBTTRInicioTarea.reference</source.uri>
    <target.uri>BPELPR_GestionBOBTTR/gestionBOBTTRInicioTarea</target.uri>
  </wire>
  <wire>
    <source.uri>LucasianProDevConstruccion/HumanTasks.HTLucasianProDevTarea.reference</source.uri>
    <target.uri>HTLucasianProDevTarea/TaskService</target.uri>
  </wire>
  <wire>
    <source.uri>LucasianProDevConstruccion.service</source.uri>
    <target.uri>LucasianProDevConstruccion/LucasianProDevConstruccion.service</target.uri>
  </wire>
  <wire>
    <source.uri>LucasianProDevElaboracion/Services.BPEL.BPELPR_GestionBOBTTR.GestionBOBTTRInicioTarea.reference</source.uri>
    <target.uri>BPELPR_GestionBOBTTR/gestionBOBTTRInicioTarea</target.uri>
  </wire>
  <wire>
    <source.uri>LucasianProDevElaboracion/HumanTasks.HTLucasianProDevTarea.reference</source.uri>
    <target.uri>HTLucasianProDevTarea/TaskService</target.uri>
  </wire>
  <wire>
    <source.uri>LucasianProDevElaboracion.service</source.uri>
    <target.uri>LucasianProDevElaboracion/LucasianProDevElaboracion.service</target.uri>
  </wire>
  <wire>
    <source.uri>LucasianProDevTransicion/Services.BPEL.BPELPR_GestionBOBTTR.GestionBOBTTRInicioTarea.reference</source.uri>
    <target.uri>BPELPR_GestionBOBTTR/gestionBOBTTRInicioTarea</target.uri>
  </wire>
  <wire>
    <source.uri>LucasianProDevTransicion/HumanTasks.HTLucasianProDevTarea.reference</source.uri>
    <target.uri>HTLucasianProDevTarea/TaskService</target.uri>
  </wire>
  <wire>
    <source.uri>LucasianProDevGeneral/LucasianProDevElaboracion.reference</source.uri>
    <target.uri>LucasianProDevElaboracion/LucasianProDevElaboracion.service</target.uri>
  </wire>
  <wire>
    <source.uri>LucasianProDevGeneral/LucasianProDevConstruccion.reference</source.uri>
    <target.uri>LucasianProDevConstruccion/LucasianProDevConstruccion.service</target.uri>
  </wire>
  <wire>
    <source.uri>LucasianProDevGeneral/LucasianProDevTransicion.reference</source.uri>
    <target.uri>LucasianProDevTransicion/LucasianProDevTransicion.service</target.uri>
  </wire>
  <wire>
    <source.uri>LucasianProDevTransicion.service</source.uri>
    <target.uri>LucasianProDevTransicion/LucasianProDevTransicion.service</target.uri>
  </wire>
  <wire>
    <source.uri>Process.service</source.uri>
    <target.uri>Process/Process.service</target.uri>
  </wire>
  <wire>
    <source.uri>LucasianProDevConcepcion.service</source.uri>
    <target.uri>LucasianProDevConcepcion/LucasianProDevConcepcion.service</target.uri>
  </wire>
  <wire>
    <source.uri>LucasianProDevGeneral.service</source.uri>
    <target.uri>LucasianProDevGeneral/LucasianProDevGeneral.service</target.uri>
  </wire>
</composite>
