<?xml version="1.0" encoding="UTF-8" standalone="yes"?>
<?oracleBPM version="12.1.3.0.0.00.00" fileRevision="20120601"?>
<processDocumentation xmlns="http://xmlns.oracle.com/bpm/taskMetadataService/processDocumentation">
   <component name="PRGestionBOBTTR">
      <topicDocumentations>
         <topicDocumentation name="PRGestionBOBTTR">
            <labels>
               <label locale="en">PR_GestionBOBTTR</label>
            </labels>
            <descriptions>
               <description locale="en">PR_GestionBOBTTR</description>
            </descriptions>
         </topicDocumentation>
         <topicDocumentation name="ABSTRACT_ACTIVITY6122689831767">
            <labels>
               <label locale="en">Tarea</label>
            </labels>
            <descriptions>
               <description locale="en"></description>
            </descriptions>
         </topicDocumentation>
         <topicDocumentation name="START_EVENT6107163070897">
            <labels>
               <label locale="en">Start</label>
            </labels>
            <descriptions>
               <description locale="en"></description>
            </descriptions>
         </topicDocumentation>
         <topicDocumentation name="END_EVENT6107163070934">
            <labels>
               <label locale="en">End</label>
            </labels>
            <descriptions>
               <description locale="en"></description>
            </descriptions>
         </topicDocumentation>
         <topicDocumentation name="THROW_INTERMEDIATE_EVENT6107849238075">
            <labels>
               <label locale="en">iniciarTareaEnTTR</label>
            </labels>
            <descriptions>
               <description locale="en"></description>
            </descriptions>
         </topicDocumentation>
         <topicDocumentation name="CATCH_INTERMEDIATE_EVENT6107854218674">
            <labels>
               <label locale="en">recibirTareaTTR</label>
            </labels>
            <descriptions>
               <description locale="en"></description>
            </descriptions>
         </topicDocumentation>
         <topicDocumentation name="EXCLUSIVE_GATEWAY6122687172847">
            <labels>
               <label locale="en">ExclusiveGateway</label>
            </labels>
            <descriptions>
               <description locale="en"></description>
            </descriptions>
         </topicDocumentation>
         <topicDocumentation name="sf100"/>
         <topicDocumentation name="sf139"/>
         <topicDocumentation name="sf140"/>
         <topicDocumentation name="sf145">
            <descriptions>
               <description locale="en"></description>
            </descriptions>
         </topicDocumentation>
         <topicDocumentation name="sf155"/>
         <topicDocumentation name="sf157"/>
      </topicDocumentations>
   </component>
</processDocumentation>