<?xml version="1.0" encoding="UTF-8" standalone="yes"?>
<?oracleBPM version="12.1.3.0.0.00.00" fileRevision="20120601"?>
<processDocumentation xmlns="http://xmlns.oracle.com/bpm/taskMetadataService/processDocumentation">
   <component name="PruebaPRGestionBOBTTR">
      <topicDocumentations>
         <topicDocumentation name="PruebaPRGestionBOBTTR">
            <labels>
               <label locale="en">prueba_PR_GestionBOBTTR</label>
            </labels>
            <descriptions>
               <description locale="en">prueba_PR_GestionBOBTTR</description>
            </descriptions>
         </topicDocumentation>
         <topicDocumentation name="ABSTRACT_ACTIVITY6109706017628">
            <labels>
               <label locale="en">CallActivity</label>
            </labels>
            <descriptions>
               <description locale="en"></description>
            </descriptions>
         </topicDocumentation>
         <topicDocumentation name="START_EVENT6109655663256">
            <labels>
               <label locale="en">Start</label>
            </labels>
            <descriptions>
               <description locale="en"></description>
            </descriptions>
         </topicDocumentation>
         <topicDocumentation name="END_EVENT6109655663445">
            <labels>
               <label locale="en">End</label>
            </labels>
            <descriptions>
               <description locale="en"></description>
            </descriptions>
         </topicDocumentation>
         <topicDocumentation name="sf171"/>
         <topicDocumentation name="sf175"/>
      </topicDocumentations>
   </component>
</processDocumentation>