<?xml version="1.0" encoding="UTF-8" standalone="yes"?>
<jbi xmlns="http://java.sun.com/xml/ns/jbi" xmlns:ns1="http://enterprise.netbeans.org/bpel/processNovateTradeBPEL/invokeCallbackProcess" xmlns:ns10="http://j2ee.netbeans.org/wsdl/MeffServicesBPEL/RequestTradeWSDL" xmlns:ns11="http://otc.crcc.com/" xmlns:ns12="http://facade.data.risk.otc.crcc.com/" xmlns:ns13="http://facade.manage.data.otc.crcc.com/" xmlns:ns14="http://j2ee.netbeans.org/wsdl/processNovateTradeProcess/putToRiskErrorJMSWSDL" xmlns:ns15="http://j2ee.netbeans.org/wsdl/fpMLMessageOnDBWSDL" xmlns:ns16="http://facade.data.otc.crcc.com/" xmlns:ns17="http://j2ee.netbeans.org/wsdl/processNovateTradeProcess/putToUnknownErrorJMSWSDL" xmlns:ns18="http://j2ee.netbeans.org/wsdl/processNovateTradeProcess/getIncomingMessageFromJMSWSDL" xmlns:ns2="http://j2ee.netbeans.org/wsdl/sendingMessageControl" xmlns:ns3="http://j2ee.netbeans.org/wsdl/processNovateTradeBPEL/invokeCallbackPartnerLinkWSDL" xmlns:ns4="http://enterprise.netbeans.org/bpel/processNovateTradeProcess/processTradeConfirmed" xmlns:ns5="http://enterprise.netbeans.org/bpel/processNovateTradeProcess/processNovateTradeProcess" xmlns:ns6="http://parsing.trade.otc.crcc.com/" xmlns:ns7="http://j2ee.netbeans.org/wsdl/processNovateTradeProcess/processTradeConfirmedWSDL" xmlns:ns8="http://j2ee.netbeans.org/wsdl/fpmlSoapAttachmentWSDL" xmlns:ns9="http://j2ee.netbeans.org/wsdl/processNovateTradeProcess/putToParsingErrorJMSWSDL" version="1.0">
<service-assembly>
<identification>
<name>processNovateTradeProcessCAPSRMWSS</name>
<description>Represents the Service Assembly of processNovateTradeProcessCAPSRMWSS</description>
</identification>
<connections>
<connection>
<consumer endpoint-name="jdbcPortTypeRole_partnerRole" service-name="ns1:toInserStateMessage"/>
<provider endpoint-name="port" service-name="ns2:service"/>
</connection>
<connection>
<consumer endpoint-name="invokeCallbackPartnerLinkWSDLPort" service-name="ns3:invokeCallbackPartnerLinkWSDLService"/>
<provider endpoint-name="invokeCallbackPartnerLinkWSDLPortTypeRole_myRole" service-name="ns1:invokeCallback"/>
</connection>
<connection>
<consumer endpoint-name="invokeCallbackPartnerLinkWSDLPortTypeRole_partnerRole" service-name="ns4:invokeCallback"/>
<provider endpoint-name="invokeCallbackPartnerLinkWSDLPortTypeRole_myRole" service-name="ns1:invokeCallback"/>
</connection>
<connection>
<consumer endpoint-name="FpMLParserRole_partnerRole" service-name="ns5:FpMLParser"/>
<provider endpoint-name="FpMLParserPort" service-name="ns6:FpMLParserService"/>
</connection>
<connection>
<consumer endpoint-name="FpMLParserRole_partnerRole" service-name="ns4:FpMLParser"/>
<provider endpoint-name="FpMLParserPort" service-name="ns6:FpMLParserService"/>
</connection>
<connection>
<consumer endpoint-name="processTradeConfirmedWSDLPort" service-name="ns7:processTradeConfirmedWSDLService"/>
<provider endpoint-name="processTradeConfirmedWSDLPortTypeRole_myRole" service-name="ns4:processTradeConfirmed"/>
</connection>
<connection>
<consumer endpoint-name="processTradeConfirmedWSDLPortTypeRole_partnerRole" service-name="ns5:processTradeConfirmed"/>
<provider endpoint-name="processTradeConfirmedWSDLPortTypeRole_myRole" service-name="ns4:processTradeConfirmed"/>
</connection>
<connection>
<consumer endpoint-name="jdbcPortTypeRole_partnerRole" service-name="ns5:soapAttachment"/>
<provider endpoint-name="port" service-name="ns8:service"/>
</connection>
<connection>
<consumer endpoint-name="jdbcPortTypeRole_partnerRole" service-name="ns4:fpMLSoapAttachment"/>
<provider endpoint-name="port" service-name="ns8:service"/>
</connection>
<connection>
<consumer endpoint-name="JMSOutPortTypeRole_partnerRole" service-name="ns5:ParsingErrorJMS"/>
<provider endpoint-name="putToParsingErrorJMSWSDL_OutPort" service-name="ns9:JMSOutService"/>
</connection>
<connection>
<consumer endpoint-name="RequestTradeWSDLPortTypeRole_partnerRole" service-name="ns4:MeffService"/>
<provider endpoint-name="RequestTradeWSDLPort" service-name="ns10:RequestTradeWSDLService"/>
</connection>
<connection>
<consumer endpoint-name="processNovateTradeResponseConsumerRole_partnerRole" service-name="ns1:processNovateTradeResponseConsumer"/>
<provider endpoint-name="processNovateTradeResponseConsumerPort" service-name="ns11:processNovateTradeResponseConsumerService"/>
</connection>
<connection>
<consumer endpoint-name="RiskServiceWSRole_partnerRole" service-name="ns5:RiskEJB"/>
<provider endpoint-name="RiskServiceWSPort" service-name="ns12:RiskServiceWSService"/>
</connection>
<connection>
<consumer endpoint-name="RiskServiceWSRole_partnerRole" service-name="ns4:RiskEJB"/>
<provider endpoint-name="RiskServiceWSPort" service-name="ns12:RiskServiceWSService"/>
</connection>
<connection>
<consumer endpoint-name="ManageSystemServiceRole_partnerRole" service-name="ns1:ManageSystemService"/>
<provider endpoint-name="ManageSystemServicePort" service-name="ns13:ManageSystemServiceService"/>
</connection>
<connection>
<consumer endpoint-name="ManageSystemServiceRole_partnerRole" service-name="ns5:ManageSystemService"/>
<provider endpoint-name="ManageSystemServicePort" service-name="ns13:ManageSystemServiceService"/>
</connection>
<connection>
<consumer endpoint-name="JMSOutPortTypeRole_partnerRole" service-name="ns5:RiskErrorJMS"/>
<provider endpoint-name="putToRiskErrorJMSWSDL_OutPort" service-name="ns14:JMSOutService"/>
</connection>
<connection>
<consumer endpoint-name="jdbcPortTypeRole_partnerRole" service-name="ns4:OTCDB"/>
<provider endpoint-name="port" service-name="ns15:service"/>
</connection>
<connection>
<consumer endpoint-name="MeffServiceRole_partnerRole" service-name="ns4:CommonServices"/>
<provider endpoint-name="MeffServicePort" service-name="ns16:MeffServiceService"/>
</connection>
<connection>
<consumer endpoint-name="JMSOutPortTypeRole_partnerRole" service-name="ns5:UnknownError"/>
<provider endpoint-name="putToUnknownErrorJMSWSDL_OutPort" service-name="ns17:JMSOutService"/>
</connection>
<connection>
<consumer endpoint-name="getIncomingMessageFromJMSWSDL_InPort" service-name="ns18:JMSInService"/>
<provider endpoint-name="JMSInPortTypeRole_myRole" service-name="ns5:getMessageFormJMSPL"/>
</connection>
</connections>
</service-assembly>
</jbi>
