<?xml version="1.0" encoding="UTF-8" standalone="yes"?>
<jbi xmlns="http://java.sun.com/xml/ns/jbi" xmlns:xsi="http://www.w3.org/2001/XMLSchema-instance" version="1.0" xsi:schemaLocation="http://java.sun.com/xml/ns/jbi ./jbi.xsd">
<service-assembly>
<identification>
<name>RetrierDeliverMessageCAPS</name>
<description>Represents the Service Assembly of RetrierDeliverMessageCAPS</description>
</identification>
<service-unit>
<identification>
<name>RetrierDeliverMessageCAPS-CallBackSendingMessageBPEL</name>
<description>Represents this Service Unit</description>
</identification>
<target>
<artifacts-zip>CallBackSendingMessageBPEL.jar</artifacts-zip>
<component-name>sun-bpel-engine</component-name>
</target>
</service-unit>
<service-unit>
<identification>
<name>RetrierDeliverMessageCAPS-sun-database-binding</name>
<description>Represents this Service Unit</description>
</identification>
<target>
<artifacts-zip>sun-database-binding.jar</artifacts-zip>
<component-name>sun-database-binding</component-name>
</target>
</service-unit>
<service-unit>
<identification>
<name>RetrierDeliverMessageCAPS-sun-file-binding</name>
<description>Represents this Service Unit</description>
</identification>
<target>
<artifacts-zip>sun-file-binding.jar</artifacts-zip>
<component-name>sun-file-binding</component-name>
</target>
</service-unit>
<service-unit>
<identification>
<name>RetrierDeliverMessageCAPS-sun-ftp-binding</name>
<description>Represents this Service Unit</description>
</identification>
<target>
<artifacts-zip>sun-ftp-binding.jar</artifacts-zip>
<component-name>sun-ftp-binding</component-name>
</target>
</service-unit>
<service-unit>
<identification>
<name>RetrierDeliverMessageCAPS-sun-http-binding</name>
<description>Represents this Service Unit</description>
</identification>
<target>
<artifacts-zip>sun-http-binding.jar</artifacts-zip>
<component-name>sun-http-binding</component-name>
</target>
</service-unit>
<service-unit>
<identification>
<name>RetrierDeliverMessageCAPS-sun-jms-binding</name>
<description>Represents this Service Unit</description>
</identification>
<target>
<artifacts-zip>sun-jms-binding.jar</artifacts-zip>
<component-name>sun-jms-binding</component-name>
</target>
</service-unit>
<service-unit>
<identification>
<name>RetrierDeliverMessageCAPS-sun-ldap-binding</name>
<description>Represents this Service Unit</description>
</identification>
<target>
<artifacts-zip>sun-ldap-binding.jar</artifacts-zip>
<component-name>sun-ldap-binding</component-name>
</target>
</service-unit>
</service-assembly>
</jbi>
