<?xml version="1.0" encoding="UTF-8" standalone="yes"?>
<jbi xmlns="http://java.sun.com/xml/ns/jbi" xmlns:ns1="http://j2ee.netbeans.org/wsdl/pollingViewDBSendingMessageWSDL" xmlns:ns2="http://enterprise.netbeans.org/bpel/CallBackSendingMessageBPEL/CallBackMessage" xmlns:ns3="http://j2ee.netbeans.org/wsdl/processNovateTradeBPEL/invokeCallbackPartnerLinkWSDL" version="1.0">
<service-assembly>
<identification>
<name>RetrierDeliverMessageCAPS</name>
<description>Represents the Service Assembly of RetrierDeliverMessageCAPS</description>
</identification>
<connections>
<connection>
<consumer endpoint-name="port" service-name="ns1:service"/>
<provider endpoint-name="jdbcPortTypeRole_myRole" service-name="ns2:pollView"/>
</connection>
<connection>
<consumer endpoint-name="invokeCallbackPartnerLinkWSDLPortTypeRole_partnerRole" service-name="ns2:invokeCallBack"/>
<provider endpoint-name="invokeCallbackPartnerLinkWSDLPort" service-name="ns3:invokeCallbackPartnerLinkWSDLService"/>
</connection>
</connections>
</service-assembly>
</jbi>
