<?xml version="1.0" encoding="UTF-8"?>
<definitions name="processNovateResponseWSDL" targetNamespace="http://j2ee.netbeans.org/wsdl/novateTradeClient-bpl/processNovateResponseWSDL"
    xmlns="http://schemas.xmlsoap.org/wsdl/"
    xmlns:wsdl="http://schemas.xmlsoap.org/wsdl/"
    xmlns:xsd="http://www.w3.org/2001/XMLSchema" xmlns:tns="http://j2ee.netbeans.org/wsdl/novateTradeClient-bpl/processNovateResponseWSDL" xmlns:ns="http://xml.netbeans.org/schema/xsdNovateTrade" xmlns:plnk="http://docs.oasis-open.org/wsbpel/2.0/plnktype" xmlns:soap="http://schemas.xmlsoap.org/wsdl/soap/" xmlns:wsp="http://schemas.xmlsoap.org/ws/2004/09/policy" xmlns:wsu="http://docs.oasis-open.org/wss/2004/01/oasis-200401-wss-wssecurity-utility-1.0.xsd" xmlns:wsaws="http://www.w3.org/2005/08/addressing" xmlns:wsrm="http://schemas.xmlsoap.org/ws/2005/02/rm/policy" xmlns:sunrm="http://sun.com/2006/03/rm" xmlns:sp="http://schemas.xmlsoap.org/ws/2005/07/securitypolicy" xmlns:sc="http://schemas.sun.com/2006/03/wss/server" xmlns:wspp="http://java.sun.com/xml/ns/wsit/policy" xmlns:sc1="http://schemas.sun.com/2006/03/wss/client">
    <types>
        <xsd:schema targetNamespace="http://j2ee.netbeans.org/wsdl/novateTradeClient-bpl/processNovateResponseWSDL">
            <xsd:import namespace="http://xml.netbeans.org/schema/xsdNovateTrade" schemaLocation="xsdNovateTrade.xsd"/>
        </xsd:schema>
    </types>
    <message name="processNovateResponseRequest">
        <part name="fpMLMessage" element="ns:processNovateResponse"/>
    </message>
    <portType name="processNovateResponseWSDLPortType">
        <operation name="processNovateResponse">
            <input name="input1" message="tns:processNovateResponseRequest"/>
        </operation>
    </portType>
    <binding name="processNovateResponseWSDLBinding" type="tns:processNovateResponseWSDLPortType">
        <wsp:PolicyReference URI="#processNovateResponseWSDLBindingPolicy"/>
        <soap:binding style="document" transport="http://schemas.xmlsoap.org/soap/http"/>
        <operation name="processNovateResponse">
            <soap:operation/>
            <input name="input1">
                <soap:body use="literal"/>
            </input>
        </operation>
    </binding>
    <service name="processNovateResponseWSDLService">
        <port name="processNovateResponseWSDLPort" binding="tns:processNovateResponseWSDLBinding">
            <soap:address location="http://localhost:${HttpDefaultPort}/processNovateResponseWSDLService/processNovateResponseWSDLPort"/>
        </port>
    </service>
    <plnk:partnerLinkType name="processNovateResponseWSDL">
        <!-- A partner link type is automatically generated when a new port type is added. Partner link types are used by BPEL processes. 
In a BPEL process, a partner link represents the interaction between the BPEL process and a partner service. Each partner link is associated with a partner link type.
A partner link type characterizes the conversational relationship between two services. The partner link type can have one or two roles.-->
        <plnk:role name="processNovateResponseWSDLPortTypeRole" portType="tns:processNovateResponseWSDLPortType"/>
    </plnk:partnerLinkType>
    <wsp:Policy wsu:Id="processNovateResponseWSDLBindingPolicy">
        <wsp:ExactlyOne>
            <wsp:All>
                <sc1:KeyStore wspp:visibility="private" alias="xws-security-server" storepass="changeit" type="JKS" location="C:\DATA\keystore_demo_CAPS\server-keystore.jks" keypass="changeit"/>
                <sc1:TrustStore wspp:visibility="private" peeralias="xws-security-client" storepass="changeit" type="JKS" location="C:\DATA\keystore_demo_CAPS\server-truststore.jks"/>
                <sc1:ValidatorConfiguration wspp:visibility="private" revocationEnabled="true"/>
            </wsp:All>
        </wsp:ExactlyOne>
    </wsp:Policy>
</definitions>
