<?xml version="1.0" encoding="UTF-8" standalone="yes"?>
<jbi xmlns="http://java.sun.com/xml/ns/jbi" xmlns:ns0="http://enterprise.netbeans.org/bpel/CallBackSendingMessageBPEL/CallBackMessage" xmlns:ns1="http://j2ee.netbeans.org/wsdl/processNovateTradeBPEL/invokeCallbackPartnerLinkWSDL" xmlns:ns2="http://j2ee.netbeans.org/wsdl/pollingViewDBSendingMessageWSDL" xmlns:ns3="http://www.sun.com/jbi/descriptor/service-unit" version="1.0">
    <services binding-component="false">
        <provides endpoint-name="jdbcPortTypeRole_myRole" interface-name="ns2:jdbcPortType" service-name="ns0:pollView">
            <ns3:display-name>pollView</ns3:display-name>
            <ns3:process-name>CallBackMessage</ns3:process-name>
            <ns3:file-path>CallBackMessage.bpel</ns3:file-path>
        </provides>
        <consumes endpoint-name="invokeCallbackPartnerLinkWSDLPortTypeRole_partnerRole" interface-name="ns1:invokeCallbackPartnerLinkWSDLPortType" service-name="ns0:invokeCallBack">
            <ns3:display-name>invokeCallBack</ns3:display-name>
            <ns3:process-name>CallBackMessage</ns3:process-name>
            <ns3:file-path>CallBackMessage.bpel</ns3:file-path>
        </consumes>
    </services>
</jbi>
