<?xml version="1.0" encoding="UTF-8" standalone="yes"?>
<jbi xmlns="http://java.sun.com/xml/ns/jbi" xmlns:ns1="http://enterprise.netbeans.org/bpel/novateTradeClient-bpl/novateTradeClientProcess" xmlns:ns2="http://j2ee.netbeans.org/wsdl/novateTrade-bpel/novateTradeWSDL" xmlns:ns3="http://j2ee.netbeans.org/wsdl/novateTradeClient-bpl/processNovateResponseWSDL" xmlns:ns4="http://enterprise.netbeans.org/bpel/novateTradeClient-bpl/processNovateResponseProcess" xmlns:ns5="http://j2ee.netbeans.org/wsdl/novateTradeClient-bpl/sendTradeToCRCCWSDL" xmlns:ns6="http://j2ee.netbeans.org/wsdl/novateTradeClient-bpl/responsesClientWriterWSDL" version="1.0">
<service-assembly>
<identification>
<name>novateTradeCliente-CA</name>
<description>Represents the Service Assembly of novateTradeCliente-CA</description>
</identification>
<connections>
<connection>
<consumer endpoint-name="novateTradeWSDLPortTypeRole_partnerRole" service-name="ns1:plInvokeCRCC"/>
<provider endpoint-name="novateTradeWSDLPort" service-name="ns2:novateTradeWSDLService"/>
</connection>
<connection>
<consumer endpoint-name="processNovateResponseWSDLPort" service-name="ns3:processNovateResponseWSDLService"/>
<provider endpoint-name="processNovateResponseWSDLPortTypeRole_myRole" service-name="ns4:plProcessNovateResponse"/>
</connection>
<connection>
<consumer endpoint-name="sendTradeToCRCCWSDLPort" service-name="ns5:sendTradeToCRCCWSDLService"/>
<provider endpoint-name="sendTradeToCRCCWSDLPortTypeRole_myRole" service-name="ns1:plInput"/>
</connection>
<connection>
<consumer endpoint-name="FileOutboundPortTypeRole_partnerRole" service-name="ns4:plWriter"/>
<provider endpoint-name="responsesWriterWSDL_OutboundPort" service-name="ns6:FileOutboundService"/>
</connection>
</connections>
</service-assembly>
</jbi>
