<?xml version="1.0" encoding="UTF-8" standalone="yes"?>
<jbi xmlns="http://java.sun.com/xml/ns/jbi" xmlns:ns1="http://j2ee.netbeans.org/wsdl/processOTCBusinessError/getIncomingOTCRiskErrorWSDL" xmlns:ns2="http://enterprise.netbeans.org/bpel/processOTCBusinessError/processOTCRiskError" xmlns:ns3="http://j2ee.netbeans.org/wsdl/processOTCBusinessError/getIncomingOTCParsingErrorWSDL" xmlns:ns4="http://enterprise.netbeans.org/bpel/processOTCBusinessError/processOTCParsingError" xmlns:ns5="http://j2ee.netbeans.org/wsdl/fpMLMessageInDBWSDL" xmlns:ns6="http://j2ee.netbeans.org/wsdl/processNovateTradeBPEL/invokeCallbackPartnerLinkWSDL" xmlns:ns7="http://parsing.trade.otc.crcc.com/" xmlns:ns8="http://facade.data.otc.crcc.com/" xmlns:ns9="http://j2ee.netbeans.org/wsdl/FpmlSoapAttachmentWSDL" version="1.0">
<service-assembly>
<identification>
<name>processOTCBusinessErrorCAPS</name>
<description>Represents the Service Assembly of processOTCBusinessErrorCAPS</description>
</identification>
<connections>
<connection>
<consumer endpoint-name="getIncomingOTCErrorWSDL_InPort" service-name="ns1:JMSInService"/>
<provider endpoint-name="JMSInPortTypeRole_myRole" service-name="ns2:getRiskError"/>
</connection>
<connection>
<consumer endpoint-name="getIncomingOTCParsingErrorWSDL_InPort" service-name="ns3:JMSInService"/>
<provider endpoint-name="JMSInPortTypeRole_myRole" service-name="ns4:getJMS"/>
</connection>
<connection>
<consumer endpoint-name="jdbcPortTypeRole_partnerRole" service-name="ns4:OTCMessage"/>
<provider endpoint-name="port" service-name="ns5:service"/>
</connection>
<connection>
<consumer endpoint-name="jdbcPortTypeRole_partnerRole" service-name="ns2:OTCMessage"/>
<provider endpoint-name="port" service-name="ns5:service"/>
</connection>
<connection>
<consumer endpoint-name="invokeCallbackPartnerLinkWSDLPortTypeRole_partnerRole" service-name="ns4:invokeCallBack"/>
<provider endpoint-name="invokeCallbackPartnerLinkWSDLPort" service-name="ns6:invokeCallbackPartnerLinkWSDLService"/>
</connection>
<connection>
<consumer endpoint-name="invokeCallbackPartnerLinkWSDLPortTypeRole_partnerRole" service-name="ns2:invokeCallBack"/>
<provider endpoint-name="invokeCallbackPartnerLinkWSDLPort" service-name="ns6:invokeCallbackPartnerLinkWSDLService"/>
</connection>
<connection>
<consumer endpoint-name="FpMLParserRole_partnerRole" service-name="ns4:FpMLParser"/>
<provider endpoint-name="FpMLParserPort" service-name="ns7:FpMLParserService"/>
</connection>
<connection>
<consumer endpoint-name="FpMLParserRole_partnerRole" service-name="ns2:FpMLParser"/>
<provider endpoint-name="FpMLParserPort" service-name="ns7:FpMLParserService"/>
</connection>
<connection>
<consumer endpoint-name="MeffServiceRole_partnerRole" service-name="ns4:meffService"/>
<provider endpoint-name="MeffServicePort" service-name="ns8:MeffServiceService"/>
</connection>
<connection>
<consumer endpoint-name="MeffServiceRole_partnerRole" service-name="ns2:meffService"/>
<provider endpoint-name="MeffServicePort" service-name="ns8:MeffServiceService"/>
</connection>
<connection>
<consumer endpoint-name="jdbcPortTypeRole_partnerRole" service-name="ns2:SOAP_ATTACHMENT"/>
<provider endpoint-name="port" service-name="ns9:service"/>
</connection>
</connections>
</service-assembly>
</jbi>
